댐코드,댐이름,입력변수세트,방류량모델,유입량예측모델,평가구간,평가건수,기준선,기준선_MAE,모델_MAE,개선율(%)
1003110,충주댐,기본변수,GradientBoosting,XGBoost,전체,8760,현재방류량유지,22.13576484018265,26.34992344853288,-19.037781792388518
1003110,충주댐,기본변수,GradientBoosting,XGBoost,전체,8760,최근3시간평균,21.763304414003045,26.34992344853288,-21.075012081247607
1003110,충주댐,기본변수,GradientBoosting,XGBoost,전체,8760,최근6시간평균,22.06709817351598,26.34992344853288,-19.408194232610843
1003110,충주댐,기본변수,GradientBoosting,XGBoost,전체,8760,최근3시간변화량반영,33.112062785388126,26.34992344853288,20.421981501675816
1003110,충주댐,기본변수,GradientBoosting,XGBoost,강우발생,653,현재방류량유지,21.584395099540583,69.2538449498722,-220.8514513864984
1003110,충주댐,기본변수,GradientBoosting,XGBoost,강우발생,653,최근3시간평균,21.85280245022971,69.2538449498722,-216.91058896267202
1003110,충주댐,기본변수,GradientBoosting,XGBoost,강우발생,653,최근6시간평균,22.00339203675345,69.2538449498722,-214.74167634787298
1003110,충주댐,기본변수,GradientBoosting,XGBoost,강우발생,653,최근3시간변화량반영,32.02872894333844,69.2538449498722,-116.2241438690501
1003110,충주댐,기본변수,GradientBoosting,XGBoost,최근24시간누적강우,2531,현재방류량유지,22.924440932437772,39.034625668948536,-70.27514775165169
1003110,충주댐,기본변수,GradientBoosting,XGBoost,최근24시간누적강우,2531,최근3시간평균,23.19655603845647,39.034625668948536,-68.27767710100964
1003110,충주댐,기본변수,GradientBoosting,XGBoost,최근24시간누적강우,2531,최근6시간평균,23.612258659291456,39.034625668948536,-65.31508582974276
1003110,충주댐,기본변수,GradientBoosting,XGBoost,최근24시간누적강우,2531,최근3시간변화량반영,34.73378901619913,39.034625668948536,-12.382284727829667
1003110,충주댐,기본변수,GradientBoosting,XGBoost,유입량급증,1056,현재방류량유지,21.704412878787878,32.48735055265442,-49.68085399999419
1003110,충주댐,기본변수,GradientBoosting,XGBoost,유입량급증,1056,최근3시간평균,22.4352398989899,32.48735055265442,-44.8050063156093
1003110,충주댐,기본변수,GradientBoosting,XGBoost,유입량급증,1056,최근6시간평균,24.244839015151513,32.48735055265442,-33.99697367489984
1003110,충주댐,기본변수,GradientBoosting,XGBoost,유입량급증,1056,최근3시간변화량반영,31.20103219696969,32.48735055265442,-4.122678851021017
1003110,충주댐,기본변수,GradientBoosting,XGBoost,방류량변화,828,현재방류량유지,232.67039855072463,120.80808212015215,48.07758835131118
1003110,충주댐,기본변수,GradientBoosting,XGBoost,방류량변화,828,최근3시간평균,156.95485909822864,120.80808212015215,23.030046464158456
1003110,충주댐,기본변수,GradientBoosting,XGBoost,방류량변화,828,최근6시간평균,140.12335144927536,120.80808212015215,13.784475698981078
1003110,충주댐,기본변수,GradientBoosting,XGBoost,방류량변화,828,최근3시간변화량반영,344.5727415458937,120.80808212015215,64.93974492057674
1003110,충주댐,기본변수,RandomForest,XGBoost,전체,8760,현재방류량유지,22.13576484018265,32.07561428793479,-44.904025316118805
1003110,충주댐,기본변수,RandomForest,XGBoost,전체,8760,최근3시간평균,21.763304414003045,32.07561428793479,-47.38393434085567
1003110,충주댐,기본변수,RandomForest,XGBoost,전체,8760,최근6시간평균,22.06709817351598,32.07561428793479,-45.354926305764195
1003110,충주댐,기본변수,RandomForest,XGBoost,전체,8760,최근3시간변화량반영,33.112062785388126,32.07561428793479,3.130123617398748
1003110,충주댐,기본변수,RandomForest,XGBoost,강우발생,653,현재방류량유지,21.584395099540583,77.41196775697469,-258.64784442637625
1003110,충주댐,기본변수,RandomForest,XGBoost,강우발생,653,최근3시간평균,21.85280245022971,77.41196775697469,-254.24274727821447
1003110,충주댐,기본변수,RandomForest,XGBoost,강우발생,653,최근6시간평균,22.00339203675345,77.41196775697469,-251.81833613503457
1003110,충주댐,기본변수,RandomForest,XGBoost,강우발생,653,최근3시간변화량반영,32.02872894333844,77.41196775697469,-141.69541006114562
1003110,충주댐,기본변수,RandomForest,XGBoost,최근24시간누적강우,2531,현재방류량유지,22.924440932437772,48.11427018689463,-109.8819784905358
1003110,충주댐,기본변수,RandomForest,XGBoost,최근24시간누적강우,2531,최근3시간평균,23.19655603845647,48.11427018689463,-107.4198864138636
1003110,충주댐,기본변수,RandomForest,XGBoost,최근24시간누적강우,2531,최근6시간평균,23.612258659291456,48.11427018689463,-103.76818194798827
1003110,충주댐,기본변수,RandomForest,XGBoost,최근24시간누적강우,2531,최근3시간변화량반영,34.73378901619913,48.11427018689463,-38.52295286429912
1003110,충주댐,기본변수,RandomForest,XGBoost,유입량급증,1056,현재방류량유지,21.704412878787878,36.896323058788646,-69.99456868445449
1003110,충주댐,기본변수,RandomForest,XGBoost,유입량급증,1056,최근3시간평균,22.4352398989899,36.896323058788646,-64.45700257678024
1003110,충주댐,기본변수,RandomForest,XGBoost,유입량급증,1056,최근6시간평균,24.244839015151513,36.896323058788646,-52.18217384628021
1003110,충주댐,기본변수,RandomForest,XGBoost,유입량급증,1056,최근3시간변화량반영,31.20103219696969,36.896323058788646,-18.253533491664715
1003110,충주댐,기본변수,RandomForest,XGBoost,방류량변화,828,현재방류량유지,232.67039855072463,120.88131106305637,48.04611509843485
1003110,충주댐,기본변수,RandomForest,XGBoost,방류량변화,828,최근3시간평균,156.95485909822864,120.88131106305637,22.983390410739684
1003110,충주댐,기본변수,RandomForest,XGBoost,방류량변화,828,최근6시간평균,140.12335144927536,120.88131106305637,13.732215356827663
1003110,충주댐,기본변수,RandomForest,XGBoost,방류량변화,828,최근3시간변화량반영,344.5727415458937,120.88131106305637,64.91849282078043
1003110,충주댐,기본변수,XGBoost,XGBoost,전체,8760,현재방류량유지,22.13576484018265,25.19779119281355,-13.832936764274173
1003110,충주댐,기본변수,XGBoost,XGBoost,전체,8760,최근3시간평균,21.763304414003045,25.19779119281355,-15.781090561783772
1003110,충주댐,기본변수,XGBoost,XGBoost,전체,8760,최근6시간평균,22.06709817351598,25.19779119281355,-14.187153175649073
1003110,충주댐,기본변수,XGBoost,XGBoost,전체,8760,최근3시간변화량반영,33.112062785388126,25.19779119281355,23.901475555509723
1003110,충주댐,기본변수,XGBoost,XGBoost,강우발생,653,현재방류량유지,21.584395099540583,56.12688973131808,-160.0345734614204
1003110,충주댐,기본변수,XGBoost,XGBoost,강우발생,653,최근3시간평균,21.85280245022971,56.12688973131808,-156.84069518840175
1003110,충주댐,기본변수,XGBoost,XGBoost,강우발생,653,최근6시간평균,22.00339203675345,56.12688973131808,-155.082896480535
1003110,충주댐,기본변수,XGBoost,XGBoost,강우발생,653,최근3시간변화량반영,32.02872894333844,56.12688973131808,-75.23920424882094
1003110,충주댐,기본변수,XGBoost,XGBoost,최근24시간누적강우,2531,현재방류량유지,22.924440932437772,34.76343114624189,-51.643528619501076
1003110,충주댐,기본변수,XGBoost,XGBoost,최근24시간누적강우,2531,최근3시간평균,23.19655603845647,34.76343114624189,-49.86462252676323
1003110,충주댐,기본변수,XGBoost,XGBoost,최근24시간누적강우,2531,최근6시간평균,23.612258659291456,34.76343114624189,-47.22619994916257
1003110,충주댐,기본변수,XGBoost,XGBoost,최근24시간누적강우,2531,최근3시간변화량반영,34.73378901619913,34.76343114624189,-0.0853409054478195
1003110,충주댐,기본변수,XGBoost,XGBoost,유입량급증,1056,현재방류량유지,21.704412878787878,29.995322614583102,-38.19918917916496
1003110,충주댐,기본변수,XGBoost,XGBoost,유입량급증,1056,최근3시간평균,22.4352398989899,29.995322614583102,-33.69735625574292
1003110,충주댐,기본변수,XGBoost,XGBoost,유입량급증,1056,최근6시간평균,24.244839015151513,29.995322614583102,-23.718382274420943
1003110,충주댐,기본변수,XGBoost,XGBoost,유입량급증,1056,최근3시간변화량반영,31.20103219696969,29.995322614583102,3.864325945292574
1003110,충주댐,기본변수,XGBoost,XGBoost,방류량변화,828,현재방류량유지,232.67039855072463,121.44254080442991,47.80490274616771
1003110,충주댐,기본변수,XGBoost,XGBoost,방류량변화,828,최근3시간평균,156.95485909822864,121.44254080442991,22.62581642762248
1003110,충주댐,기본변수,XGBoost,XGBoost,방류량변화,828,최근6시간평균,140.12335144927536,121.44254080442991,13.331689865845025
1003110,충주댐,기본변수,XGBoost,XGBoost,방류량변화,828,최근3시간변화량반영,344.5727415458937,121.44254080442991,64.75561582161455
1003110,충주댐,예측유입량포함,GradientBoosting,XGBoost,전체,8760,현재방류량유지,22.13576484018265,25.59334733594773,-15.619891703441818
1003110,충주댐,예측유입량포함,GradientBoosting,XGBoost,전체,8760,최근3시간평균,21.763304414003045,25.59334733594773,-17.59862771335561
1003110,충주댐,예측유입량포함,GradientBoosting,XGBoost,전체,8760,최근6시간평균,22.06709817351598,25.59334733594773,-15.979668621150237
1003110,충주댐,예측유입량포함,GradientBoosting,XGBoost,전체,8760,최근3시간변화량반영,33.112062785388126,25.59334733594773,22.706877243414436
1003110,충주댐,예측유입량포함,GradientBoosting,XGBoost,강우발생,653,현재방류량유지,21.584395099540583,64.44395174042383,-198.56732812399034
1003110,충주댐,예측유입량포함,GradientBoosting,XGBoost,강우발생,653,최근3시간평균,21.85280245022971,64.44395174042383,-194.90017075474185
1003110,충주댐,예측유입량포함,GradientBoosting,XGBoost,강우발생,653,최근6시간평균,22.00339203675345,64.44395174042383,-192.88189581306202
1003110,충주댐,예측유입량포함,GradientBoosting,XGBoost,강우발생,653,최근3시간변화량반영,32.02872894333844,64.44395174042383,-101.20670993354335
1003110,충주댐,예측유입량포함,GradientBoosting,XGBoost,최근24시간누적강우,2531,현재방류량유지,22.924440932437772,36.796342464479785,-60.511406026977355
1003110,충주댐,예측유입량포함,GradientBoosting,XGBoost,최근24시간누적강우,2531,최근3시간평균,23.19655603845647,36.796342464479785,-58.628472276129585
1003110,충주댐,예측유입량포함,GradientBoosting,XGBoost,최근24시간누적강우,2531,최근6시간평균,23.612258659291456,36.796342464479785,-55.83575885486234
1003110,충주댐,예측유입량포함,GradientBoosting,XGBoost,최근24시간누적강우,2531,최근3시간변화량반영,34.73378901619913,36.796342464479785,-5.938175784158532
1003110,충주댐,예측유입량포함,GradientBoosting,XGBoost,유입량급증,1056,현재방류량유지,21.704412878787878,31.3635339959957,-44.503028813315
1003110,충주댐,예측유입량포함,GradientBoosting,XGBoost,유입량급증,1056,최근3시간평균,22.4352398989899,31.3635339959957,-39.795848572173185
1003110,충주댐,예측유입량포함,GradientBoosting,XGBoost,유입량급증,1056,최근6시간평균,24.244839015151513,31.3635339959957,-29.361692096183628
1003110,충주댐,예측유입량포함,GradientBoosting,XGBoost,유입량급증,1056,최근3시간변화량반영,31.20103219696969,31.3635339959957,-0.5208218689694164
1003110,충주댐,예측유입량포함,GradientBoosting,XGBoost,방류량변화,828,현재방류량유지,232.67039855072463,120.01554222986928,48.41821607843912
1003110,충주댐,예측유입량포함,GradientBoosting,XGBoost,방류량변화,828,최근3시간평균,156.95485909822864,120.01554222986928,23.53499412543912
1003110,충주댐,예측유입량포함,GradientBoosting,XGBoost,방류량변화,828,최근6시간평균,140.12335144927536,120.01554222986928,14.350077279364177
1003110,충주댐,예측유입량포함,GradientBoosting,XGBoost,방류량변화,828,최근3시간변화량반영,344.5727415458937,120.01554222986928,65.1697514749917
1003110,충주댐,예측유입량포함,RandomForest,XGBoost,전체,8760,현재방류량유지,22.13576484018265,32.12924601230999,-45.14631070703443
1003110,충주댐,예측유입량포함,RandomForest,XGBoost,전체,8760,최근3시간평균,21.763304414003045,32.12924601230999,-47.63036623995961
1003110,충주댐,예측유입량포함,RandomForest,XGBoost,전체,8760,최근6시간평균,22.06709817351598,32.12924601230999,-45.59796562137103
1003110,충주댐,예측유입량포함,RandomForest,XGBoost,전체,8760,최근3시간변화량반영,33.112062785388126,32.12924601230999,2.9681532662224757
1003110,충주댐,예측유입량포함,RandomForest,XGBoost,강우발생,653,현재방류량유지,21.584395099540583,78.69264494616256,-264.58119202903913
1003110,충주댐,예측유입량포함,RandomForest,XGBoost,강우발생,653,최근3시간평균,21.85280245022971,78.69264494616256,-260.10321845624594
1003110,충주댐,예측유입량포함,RandomForest,XGBoost,강우발생,653,최근6시간평균,22.00339203675345,78.69264494616256,-257.63869868208496
1003110,충주댐,예측유입량포함,RandomForest,XGBoost,강우발생,653,최근3시간변화량반영,32.02872894333844,78.69264494616256,-145.6939364823892
1003110,충주댐,예측유입량포함,RandomForest,XGBoost,최근24시간누적강우,2531,현재방류량유지,22.924440932437772,48.44047264399656,-111.3049246730111
1003110,충주댐,예측유입량포함,RandomForest,XGBoost,최근24시간누적강우,2531,최근3시간평균,23.19655603845647,48.44047264399656,-108.82614024120387
1003110,충주댐,예측유입량포함,RandomForest,XGBoost,최근24시간누적강우,2531,최근6시간평균,23.612258659291456,48.44047264399656,-105.1496781521795
1003110,충주댐,예측유입량포함,RandomForest,XGBoost,최근24시간누적강우,2531,최근3시간변화량반영,34.73378901619913,48.44047264399656,-39.46210308758686
1003110,충주댐,예측유입량포함,RandomForest,XGBoost,유입량급증,1056,현재방류량유지,21.704412878787878,36.64964159276614,-68.85801886207439
1003110,충주댐,예측유입량포함,RandomForest,XGBoost,유입량급증,1056,최근3시간평균,22.4352398989899,36.64964159276614,-63.35747581828271
1003110,충주댐,예측유입량포함,RandomForest,XGBoost,유입량급증,1056,최근6시간평균,24.244839015151513,36.64964159276614,-51.16471414746206
1003110,충주댐,예측유입량포함,RandomForest,XGBoost,유입량급증,1056,최근3시간변화량반영,31.20103219696969,36.64964159276614,-17.462913923487523
1003110,충주댐,예측유입량포함,RandomForest,XGBoost,방류량변화,828,현재방류량유지,232.67039855072463,121.11849803412315,47.94417390929168
1003110,충주댐,예측유입량포함,RandomForest,XGBoost,방류량변화,828,최근3시간평균,156.95485909822864,121.11849803412315,22.83227245718953
1003110,충주댐,예측유입량포함,RandomForest,XGBoost,방류량변화,828,최근6시간평균,140.12335144927536,121.11849803412315,13.562945232602411
1003110,충주댐,예측유입량포함,RandomForest,XGBoost,방류량변화,828,최근3시간변화량반영,344.5727415458937,121.11849803412315,64.84965772662798
1003110,충주댐,예측유입량포함,XGBoost,XGBoost,전체,8760,현재방류량유지,22.13576484018265,25.299966888878444,-14.294523236675685
1003110,충주댐,예측유입량포함,XGBoost,XGBoost,전체,8760,최근3시간평균,21.763304414003045,25.299966888878444,-16.25057669367444
1003110,충주댐,예측유입량포함,XGBoost,XGBoost,전체,8760,최근6시간평균,22.06709817351598,25.299966888878444,-14.65017597666022
1003110,충주댐,예측유입량포함,XGBoost,XGBoost,전체,8760,최근3시간변화량반영,33.112062785388126,25.299966888878444,23.592900107561547
1003110,충주댐,예측유입량포함,XGBoost,XGBoost,강우발생,653,현재방류량유지,21.584395099540583,55.31926282707436,-156.29285681604216
1003110,충주댐,예측유입량포함,XGBoost,XGBoost,강우발생,653,최근3시간평균,21.85280245022971,55.31926282707436,-153.14493622987408
1003110,충주댐,예측유입량포함,XGBoost,XGBoost,강우발생,653,최근6시간평균,22.00339203675345,55.31926282707436,-151.41243102277878
1003110,충주댐,예측유입량포함,XGBoost,XGBoost,강우발생,653,최근3시간변화량반영,32.02872894333844,55.31926282707436,-72.71763398709597
1003110,충주댐,예측유입량포함,XGBoost,XGBoost,최근24시간누적강우,2531,현재방류량유지,22.924440932437772,34.69063368738899,-51.32597470807767
1003110,충주댐,예측유입량포함,XGBoost,XGBoost,최근24시간누적강우,2531,최근3시간평균,23.19655603845647,34.69063368738899,-49.55079378972047
1003110,충주댐,예측유입량포함,XGBoost,XGBoost,최근24시간누적강우,2531,최근6시간평균,23.612258659291456,34.69063368738899,-46.91789628409045
1003110,충주댐,예측유입량포함,XGBoost,XGBoost,최근24시간누적강우,2531,최근3시간변화량반영,34.73378901619913,34.69063368738899,0.1242459577042323
1003110,충주댐,예측유입량포함,XGBoost,XGBoost,유입량급증,1056,현재방류량유지,21.704412878787878,29.872380176854854,-37.63274935692769
1003110,충주댐,예측유입량포함,XGBoost,XGBoost,유입량급증,1056,최근3시간평균,22.4352398989899,29.872380176854854,-33.14936818749951
1003110,충주댐,예측유입량포함,XGBoost,XGBoost,유입량급증,1056,최근6시간평균,24.244839015151513,29.872380176854854,-23.211295229415544
1003110,충주댐,예측유입량포함,XGBoost,XGBoost,유입량급증,1056,최근3시간변화량반영,31.20103219696969,29.872380176854854,4.258359184167885
1003110,충주댐,예측유입량포함,XGBoost,XGBoost,방류량변화,828,현재방류량유지,232.67039855072463,121.62797630282417,47.72520395356267
1003110,충주댐,예측유입량포함,XGBoost,XGBoost,방류량변화,828,최근3시간평균,156.95485909822864,121.62797630282417,22.507670675742187
1003110,충주댐,예측유입량포함,XGBoost,XGBoost,방류량변화,828,최근6시간평균,140.12335144927536,121.62797630282417,13.199352538428627
1003110,충주댐,예측유입량포함,XGBoost,XGBoost,방류량변화,828,최근3시간변화량반영,344.5727415458937,121.62797630282417,64.7017997543417
1006110,횡성댐,기본변수,GradientBoosting,XGBoost,전체,8760,현재방류량유지,0.20856198630136985,0.8281464432372854,-297.07448990278726
1006110,횡성댐,기본변수,GradientBoosting,XGBoost,전체,8760,최근3시간평균,0.2452250761035007,0.8281464432372854,-237.70871086925652
1006110,횡성댐,기본변수,GradientBoosting,XGBoost,전체,8760,최근6시간평균,0.2983392123287673,0.8281464432372854,-177.58551642372603
1006110,횡성댐,기본변수,GradientBoosting,XGBoost,전체,8760,최근3시간변화량반영,0.3395570776255708,0.8281464432372854,-143.89020220938568
1006110,횡성댐,기본변수,GradientBoosting,XGBoost,강우발생,698,현재방류량유지,0.7021031518624642,3.559997870626228,-407.0476982168
1006110,횡성댐,기본변수,GradientBoosting,XGBoost,강우발생,698,최근3시간평균,0.885184336198663,3.559997870626228,-302.1758773900461
1006110,횡성댐,기본변수,GradientBoosting,XGBoost,강우발생,698,최근6시간평균,1.0917504775549187,3.559997870626228,-226.08164079755562
1006110,횡성댐,기본변수,GradientBoosting,XGBoost,강우발생,698,최근3시간변화량반영,1.0789885386819484,3.559997870626228,-229.93843242996692
1006110,횡성댐,기본변수,GradientBoosting,XGBoost,최근24시간누적강우,2699,현재방류량유지,0.3337110040755835,1.730312055539961,-418.5061428624798
1006110,횡성댐,기본변수,GradientBoosting,XGBoost,최근24시간누적강우,2699,최근3시간평균,0.4059039150302582,1.730312055539961,-326.2861212883287
1006110,횡성댐,기본변수,GradientBoosting,XGBoost,최근24시간누적강우,2699,최근6시간평균,0.5249260219834507,1.730312055539961,-229.6296969622345
1006110,횡성댐,기본변수,GradientBoosting,XGBoost,최근24시간누적강우,2699,최근3시간변화량반영,0.5521144868469804,1.730312055539961,-213.39732913393385
1006110,횡성댐,기본변수,GradientBoosting,XGBoost,유입량급증,876,현재방류량유지,0.37319634703196347,1.7620928899570867,-372.16241637171413
1006110,횡성댐,기본변수,GradientBoosting,XGBoost,유입량급증,876,최근3시간평균,0.4878192541856928,1.7620928899570867,-261.21839694468684
1006110,횡성댐,기본변수,GradientBoosting,XGBoost,유입량급증,876,최근6시간평균,0.6001491628614914,1.7620928899570867,-193.6091556898098
1006110,횡성댐,기본변수,GradientBoosting,XGBoost,유입량급증,876,최근3시간변화량반영,0.567420091324201,1.7620928899570867,-210.54467702136722
1006110,횡성댐,기본변수,GradientBoosting,XGBoost,방류량변화,25,현재방류량유지,29.57348,26.178199446020585,11.480828613945382
1006110,횡성댐,기본변수,GradientBoosting,XGBoost,방류량변화,25,최근3시간평균,31.25848,26.178199446020585,16.25248749772674
1006110,횡성댐,기본변수,GradientBoosting,XGBoost,방류량변화,25,최근6시간평균,31.800279999999997,26.178199446020585,17.67934293024908
1006110,횡성댐,기본변수,GradientBoosting,XGBoost,방류량변화,25,최근3시간변화량반영,29.861159999999998,26.178199446020585,12.333615150849509
1006110,횡성댐,기본변수,RandomForest,XGBoost,전체,8760,현재방류량유지,0.20856198630136985,0.8957447950788241,-329.4861259062246
1006110,횡성댐,기본변수,RandomForest,XGBoost,전체,8760,최근3시간평균,0.2452250761035007,0.8957447950788241,-265.2745507562866
1006110,횡성댐,기본변수,RandomForest,XGBoost,전체,8760,최근6시간평균,0.2983392123287673,0.8957447950788241,-200.24373533966462
1006110,횡성댐,기본변수,RandomForest,XGBoost,전체,8760,최근3시간변화량반영,0.3395570776255708,0.8957447950788241,-163.7980045483136
1006110,횡성댐,기본변수,RandomForest,XGBoost,강우발생,698,현재방류량유지,0.7021031518624642,2.5127365299871256,-257.8870887164666
1006110,횡성댐,기본변수,RandomForest,XGBoost,강우발생,698,최근3시간평균,0.885184336198663,2.5127365299871256,-183.865905352305
1006110,횡성댐,기본변수,RandomForest,XGBoost,강우발생,698,최근6시간평균,1.0917504775549187,2.5127365299871256,-130.15666873026183
1006110,횡성댐,기본변수,RandomForest,XGBoost,강우발생,698,최근3시간변화량반영,1.0789885386819484,2.5127365299871256,-132.8788898032772
1006110,횡성댐,기본변수,RandomForest,XGBoost,최근24시간누적강우,2699,현재방류량유지,0.3337110040755835,1.4940832259260644,-347.71769815168085
1006110,횡성댐,기본변수,RandomForest,XGBoost,최근24시간누적강우,2699,최근3시간평균,0.4059039150302582,1.4940832259260644,-268.0879071626317
1006110,횡성댐,기본변수,RandomForest,XGBoost,최근24시간누적강우,2699,최근6시간평균,0.5249260219834507,1.4940832259260644,-184.62738811854294
1006110,횡성댐,기본변수,RandomForest,XGBoost,최근24시간누적강우,2699,최근3시간변화량반영,0.5521144868469804,1.4940832259260644,-170.61112532266384
1006110,횡성댐,기본변수,RandomForest,XGBoost,유입량급증,876,현재방류량유지,0.37319634703196347,1.9802833696521644,-430.6277474046544
1006110,횡성댐,기본변수,RandomForest,XGBoost,유입량급증,876,최근3시간평균,0.4878192541856928,1.9802833696521644,-305.94612710763397
1006110,횡성댐,기본변수,RandomForest,XGBoost,유입량급증,876,최근6시간평균,0.6001491628614914,1.9802833696521644,-229.9651973536443
1006110,횡성댐,기본변수,RandomForest,XGBoost,유입량급증,876,최근3시간변화량반영,0.567420091324201,1.9802833696521644,-248.99775315159053
1006110,횡성댐,기본변수,RandomForest,XGBoost,방류량변화,25,현재방류량유지,29.57348,23.741439276190476,19.7205087930454
1006110,횡성댐,기본변수,RandomForest,XGBoost,방류량변화,25,최근3시간평균,31.25848,23.741439276190476,24.048004649648743
1006110,횡성댐,기본변수,RandomForest,XGBoost,방류량변화,25,최근6시간평균,31.800279999999997,23.741439276190476,25.34204328958588
1006110,횡성댐,기본변수,RandomForest,XGBoost,방류량변화,25,최근3시간변화량반영,29.861159999999998,23.741439276190476,20.493914917603746
1006110,횡성댐,기본변수,XGBoost,XGBoost,전체,8760,현재방류량유지,0.20856198630136985,0.7590616939554475,-263.9501653281204
1006110,횡성댐,기본변수,XGBoost,XGBoost,전체,8760,최근3시간평균,0.2452250761035007,0.7590616939554475,-209.5367349932333
1006110,횡성댐,기본변수,XGBoost,XGBoost,전체,8760,최근6시간평균,0.2983392123287673,0.7590616939554475,-154.42907354698247
1006110,횡성댐,기본변수,XGBoost,XGBoost,전체,8760,최근3시간변화량반영,0.3395570776255708,0.7590616939554475,-123.54465389540901
1006110,횡성댐,기본변수,XGBoost,XGBoost,강우발생,698,현재방류량유지,0.7021031518624642,2.658785903843221,-278.68878622610913
1006110,횡성댐,기본변수,XGBoost,XGBoost,강우발생,698,최근3시간평균,0.885184336198663,2.658785903843221,-200.3652228259162
1006110,횡성댐,기본변수,XGBoost,XGBoost,강우발생,698,최근6시간평균,1.0917504775549187,2.658785903843221,-143.53421028931726
1006110,횡성댐,기본변수,XGBoost,XGBoost,강우발생,698,최근3시간변화량반영,1.0789885386819484,2.658785903843221,-146.41465673871693
1006110,횡성댐,기본변수,XGBoost,XGBoost,최근24시간누적강우,2699,현재방류량유지,0.3337110040755835,1.4755538085723372,-342.1651640346068
1006110,횡성댐,기본변수,XGBoost,XGBoost,최근24시간누적강우,2699,최근3시간평균,0.4059039150302582,1.4755538085723372,-263.52293090406425
1006110,횡성댐,기본변수,XGBoost,XGBoost,최근24시간누적강우,2699,최근6시간평균,0.5249260219834507,1.4755538085723372,-181.09747788781877
1006110,횡성댐,기본변수,XGBoost,XGBoost,최근24시간누적강우,2699,최근3시간변화량반영,0.5521144868469804,1.4755538085723372,-167.25504288049768
1006110,횡성댐,기본변수,XGBoost,XGBoost,유입량급증,876,현재방류량유지,0.37319634703196347,1.5471925446573456,-314.5786948243713
1006110,횡성댐,기본변수,XGBoost,XGBoost,유입량급증,876,최근3시간평균,0.4878192541856928,1.5471925446573456,-217.16512445578724
1006110,횡성댐,기본변수,XGBoost,XGBoost,유입량급증,876,최근6시간평균,0.6001491628614914,1.5471925446573456,-157.80133346856346
1006110,횡성댐,기본변수,XGBoost,XGBoost,유입량급증,876,최근3시간변화량반영,0.567420091324201,1.5471925446573456,-172.67144190235274
1006110,횡성댐,기본변수,XGBoost,XGBoost,방류량변화,25,현재방류량유지,29.57348,28.566696284599306,3.4043464462102326
1006110,횡성댐,기본변수,XGBoost,XGBoost,방류량변화,25,최근3시간평균,31.25848,28.566696284599306,8.611371107618453
1006110,횡성댐,기본변수,XGBoost,XGBoost,방류량변화,25,최근6시간평균,31.800279999999997,28.566696284599306,10.168412716493979
1006110,횡성댐,기본변수,XGBoost,XGBoost,방류량변화,25,최근3시간변화량반영,29.861159999999998,28.566696284599306,4.334941159019583
1006110,횡성댐,예측유입량포함,GradientBoosting,XGBoost,전체,8760,현재방류량유지,0.20856198630136985,0.8865782502803491,-325.09100819516215
1006110,횡성댐,예측유입량포함,GradientBoosting,XGBoost,전체,8760,최근3시간평균,0.2452250761035007,0.8865782502803491,-261.5365379298144
1006110,횡성댐,예측유입량포함,GradientBoosting,XGBoost,전체,8760,최근6시간평균,0.2983392123287673,0.8865782502803491,-197.1712110385769
1006110,횡성댐,예측유입량포함,GradientBoosting,XGBoost,전체,8760,최근3시간변화량반영,0.3395570776255708,0.8865782502803491,-161.0984452098442
1006110,횡성댐,예측유입량포함,GradientBoosting,XGBoost,강우발생,698,현재방류량유지,0.7021031518624642,3.902083286927278,-455.77065514892627
1006110,횡성댐,예측유입량포함,GradientBoosting,XGBoost,강우발생,698,최근3시간평균,0.885184336198663,3.902083286927278,-340.8215472592286
1006110,횡성댐,예측유입량포함,GradientBoosting,XGBoost,강우발생,698,최근6시간평균,1.0917504775549187,3.902083286927278,-257.4153038766122
1006110,횡성댐,예측유입량포함,GradientBoosting,XGBoost,강우발생,698,최근3시간변화량반영,1.0789885386819484,3.902083286927278,-261.64270027315723
1006110,횡성댐,예측유입량포함,GradientBoosting,XGBoost,최근24시간누적강우,2699,현재방류량유지,0.3337110040755835,1.8253590803356659,-446.9879800314385
1006110,횡성댐,예측유입량포함,GradientBoosting,XGBoost,최근24시간누적강우,2699,최근3시간평균,0.4059039150302582,1.8253590803356659,-349.7022602503339
1006110,횡성댐,예측유입량포함,GradientBoosting,XGBoost,최근24시간누적강우,2699,최근6시간평균,0.5249260219834507,1.8253590803356659,-247.736443592277
1006110,횡성댐,예측유입량포함,GradientBoosting,XGBoost,최근24시간누적강우,2699,최근3시간변화량반영,0.5521144868469804,1.8253590803356659,-230.61242257198145
1006110,횡성댐,예측유입량포함,GradientBoosting,XGBoost,유입량급증,876,현재방류량유지,0.37319634703196347,1.881087996276525,-404.0478051933916
1006110,횡성댐,예측유입량포함,GradientBoosting,XGBoost,유입량급증,876,최근3시간평균,0.4878192541856928,1.881087996276525,-285.6116748439109
1006110,횡성댐,예측유입량포함,GradientBoosting,XGBoost,유입량급증,876,최근6시간평균,0.6001491628614914,1.881087996276525,-213.43674417665758
1006110,횡성댐,예측유입량포함,GradientBoosting,XGBoost,유입량급증,876,최근3시간변화량반영,0.567420091324201,1.881087996276525,-231.51593061969086
1006110,횡성댐,예측유입량포함,GradientBoosting,XGBoost,방류량변화,25,현재방류량유지,29.57348,25.177461848108724,14.86473067049017
1006110,횡성댐,예측유입량포함,GradientBoosting,XGBoost,방류량변화,25,최근3시간평균,31.25848,25.177461848108724,19.453979054295907
1006110,횡성댐,예측유입량포함,GradientBoosting,XGBoost,방류량변화,25,최근6시간평균,31.800279999999997,25.177461848108724,20.826288799630927
1006110,횡성댐,예측유입량포함,GradientBoosting,XGBoost,방류량변화,25,최근3시간변화량반영,29.861159999999998,25.177461848108724,15.684916968702067
1006110,횡성댐,예측유입량포함,RandomForest,XGBoost,전체,8760,현재방류량유지,0.20856198630136985,0.8342461820008823,-299.99915458966024
1006110,횡성댐,예측유입량포함,RandomForest,XGBoost,전체,8760,최근3시간평균,0.2452250761035007,0.8342461820008823,-240.1961150371004
1006110,횡성댐,예측유입량포함,RandomForest,XGBoost,전체,8760,최근6시간평균,0.2983392123287673,0.8342461820008823,-179.63008130542025
1006110,횡성댐,예측유입량포함,RandomForest,XGBoost,전체,8760,최근3시간변화량반영,0.3395570776255708,0.8342461820008823,-145.68658319082502
1006110,횡성댐,예측유입량포함,RandomForest,XGBoost,강우발생,698,현재방류량유지,0.7021031518624642,2.3527452981590202,-235.0996633354955
1006110,횡성댐,예측유입량포함,RandomForest,XGBoost,강우발생,698,최근3시간평균,0.885184336198663,2.3527452981590202,-165.79156475617876
1006110,횡성댐,예측유입량포함,RandomForest,XGBoost,강우발생,698,최근6시간평균,1.0917504775549187,2.3527452981590202,-115.50210845139468
1006110,횡성댐,예측유입량포함,RandomForest,XGBoost,강우발생,698,최근3시간변화량반영,1.0789885386819484,2.3527452981590202,-118.05099997012431
1006110,횡성댐,예측유입량포함,RandomForest,XGBoost,최근24시간누적강우,2699,현재방류량유지,0.3337110040755835,1.3767557423361292,-312.55928798329415
1006110,횡성댐,예측유입량포함,RandomForest,XGBoost,최근24시간누적강우,2699,최근3시간평균,0.4059039150302582,1.3767557423361292,-239.1826714047581
1006110,횡성댐,예측유입량포함,RandomForest,XGBoost,최근24시간누적강우,2699,최근6시간평균,0.5249260219834507,1.3767557423361292,-162.27614648136722
1006110,횡성댐,예측유입량포함,RandomForest,XGBoost,최근24시간누적강우,2699,최근3시간변화량반영,0.5521144868469804,1.3767557423361292,-149.36055385876875
1006110,횡성댐,예측유입량포함,RandomForest,XGBoost,유입량급증,876,현재방류량유지,0.37319634703196347,1.8414646080999164,-393.4305018645316
1006110,횡성댐,예측유입량포함,RandomForest,XGBoost,유입량급증,876,최근3시간평균,0.4878192541856928,1.8414646080999164,-277.4891196481856
1006110,횡성댐,예측유입량포함,RandomForest,XGBoost,유입량급증,876,최근6시간평균,0.6001491628614914,1.8414646080999164,-206.8344874997199
1006110,횡성댐,예측유입량포함,RandomForest,XGBoost,유입량급증,876,최근3시간변화량반영,0.567420091324201,1.8414646080999164,-224.53285251187515
1006110,횡성댐,예측유입량포함,RandomForest,XGBoost,방류량변화,25,현재방류량유지,29.57348,24.494915868571425,17.172697063140944
1006110,횡성댐,예측유입량포함,RandomForest,XGBoost,방류량변화,25,최근3시간평균,31.25848,24.494915868571425,21.63753365943761
1006110,횡성댐,예측유입량포함,RandomForest,XGBoost,방류량변화,25,최근6시간평균,31.800279999999997,24.494915868571425,22.97264090576741
1006110,횡성댐,예측유입량포함,RandomForest,XGBoost,방류량변화,25,최근3시간변화량반영,29.861159999999998,24.494915868571425,17.97064859981519
1006110,횡성댐,예측유입량포함,XGBoost,XGBoost,전체,8760,현재방류량유지,0.20856198630136985,0.8473471782610298,-306.2807385410216
1006110,횡성댐,예측유입량포함,XGBoost,XGBoost,전체,8760,최근3시간평균,0.2452250761035007,0.8473471782610298,-245.53855246981144
1006110,횡성댐,예측유입량포함,XGBoost,XGBoost,전체,8760,최근6시간평균,0.2983392123287673,0.8473471782610298,-184.02139016418005
1006110,횡성댐,예측유입량포함,XGBoost,XGBoost,전체,8760,최근3시간변화량반영,0.3395570776255708,0.8473471782610298,-149.54484359044892
1006110,횡성댐,예측유입량포함,XGBoost,XGBoost,강우발생,698,현재방류량유지,0.7021031518624642,3.050528557627112,-334.4843844576108
1006110,횡성댐,예측유입량포함,XGBoost,XGBoost,강우발생,698,최근3시간평균,0.885184336198663,3.050528557627112,-244.62071151499435
1006110,횡성댐,예측유입량포함,XGBoost,XGBoost,강우발생,698,최근6시간평균,1.0917504775549187,3.050528557627112,-179.4162787507148
1006110,횡성댐,예측유입량포함,XGBoost,XGBoost,강우발생,698,최근3시간변화량반영,1.0789885386819484,3.050528557627112,-182.72112708013768
1006110,횡성댐,예측유입량포함,XGBoost,XGBoost,최근24시간누적강우,2699,현재방류량유지,0.3337110040755835,1.724721635387049,-416.83091487040383
1006110,횡성댐,예측유입량포함,XGBoost,XGBoost,최근24시간누적강우,2699,최근3시간평균,0.4059039150302582,1.724721635387049,-324.90884456201394
1006110,횡성댐,예측유입량포함,XGBoost,XGBoost,최근24시간누적강우,2699,최근6시간평균,0.5249260219834507,1.724721635387049,-228.56470495978266
1006110,횡성댐,예측유입량포함,XGBoost,XGBoost,최근24시간누적강우,2699,최근3시간변화량반영,0.5521144868469804,1.724721635387049,-212.38478186591374
1006110,횡성댐,예측유입량포함,XGBoost,XGBoost,유입량급증,876,현재방류량유지,0.37319634703196347,1.7514145186535297,-369.3010884438064
1006110,횡성댐,예측유입량포함,XGBoost,XGBoost,유입량급증,876,최근3시간평균,0.4878192541856928,1.7514145186535297,-259.02939533970056
1006110,횡성댐,예측유입량포함,XGBoost,XGBoost,유입량급증,876,최근6시간평균,0.6001491628614914,1.7514145186535297,-191.82986947825486
1006110,횡성댐,예측유입량포함,XGBoost,XGBoost,유입량급증,876,최근3시간변화량반영,0.567420091324201,1.7514145186535297,-208.66276070102035
1006110,횡성댐,예측유입량포함,XGBoost,XGBoost,방류량변화,25,현재방류량유지,29.57348,27.085004437751774,8.414551017493464
1006110,횡성댐,예측유입량포함,XGBoost,XGBoost,방류량변화,25,최근3시간평균,31.25848,27.085004437751774,13.351498736497183
1006110,횡성댐,예측유입량포함,XGBoost,XGBoost,방류량변화,25,최근6시간평균,31.800279999999997,27.085004437751774,14.827780014038316
1006110,횡성댐,예측유입량포함,XGBoost,XGBoost,방류량변화,25,최근3시간변화량반영,29.861159999999998,27.085004437751774,9.296877824733615
1012110,소양강댐,기본변수,GradientBoosting,XGBoost,전체,8760,현재방류량유지,14.51364611872146,15.34037508798691,-5.6962183210394945
1012110,소양강댐,기본변수,GradientBoosting,XGBoost,전체,8760,최근3시간평균,14.479178082191781,15.34037508798691,-5.947830746375937
1012110,소양강댐,기본변수,GradientBoosting,XGBoost,전체,8760,최근6시간평균,14.755581430745814,15.34037508798691,-3.963203076651236
1012110,소양강댐,기본변수,GradientBoosting,XGBoost,전체,8760,최근3시간변화량반영,21.674909817351597,15.34037508798691,29.225195319122616
1012110,소양강댐,기본변수,GradientBoosting,XGBoost,강우발생,595,현재방류량유지,13.403478991596637,15.926255922824549,-18.821806881702695
1012110,소양강댐,기본변수,GradientBoosting,XGBoost,강우발생,595,최근3시간평균,13.4187675070028,15.926255922824549,-18.68642864937615
1012110,소양강댐,기본변수,GradientBoosting,XGBoost,강우발생,595,최근6시간평균,13.541484593837534,15.926255922824549,-17.610855829443377
1012110,소양강댐,기본변수,GradientBoosting,XGBoost,강우발생,595,최근3시간변화량반영,20.444672268907567,15.926255922824549,22.10070323775581
1012110,소양강댐,기본변수,GradientBoosting,XGBoost,최근24시간누적강우,2546,현재방류량유지,13.864650432050276,15.916085092717074,-14.796151339846194
1012110,소양강댐,기본변수,GradientBoosting,XGBoost,최근24시간누적강우,2546,최근3시간평균,13.7249384655669,15.916085092717074,-15.964710025092774
1012110,소양강댐,기본변수,GradientBoosting,XGBoost,최근24시간누적강우,2546,최근6시간평균,13.86934668761456,15.916085092717074,-14.757280578545698
1012110,소양강댐,기본변수,GradientBoosting,XGBoost,최근24시간누적강우,2546,최근3시간변화량반영,20.69876669285153,15.916085092717074,23.106118693468783
1012110,소양강댐,기본변수,GradientBoosting,XGBoost,유입량급증,8076,현재방류량유지,14.50387568103021,15.446181502455875,-6.496924285266161
1012110,소양강댐,기본변수,GradientBoosting,XGBoost,유입량급증,8076,최근3시간평균,14.50360203070827,15.446181502455875,-6.498933642497186
1012110,소양강댐,기본변수,GradientBoosting,XGBoost,유입량급증,8076,최근6시간평균,14.822106034340433,15.446181502455875,-4.210437212293316
1012110,소양강댐,기본변수,GradientBoosting,XGBoost,유입량급증,8076,최근3시간변화량반영,21.620652550767705,15.446181502455875,28.55820856384183
1012110,소양강댐,기본변수,GradientBoosting,XGBoost,방류량변화,1186,현재방류량유지,105.96767284991569,59.703414240603294,43.65884176284352
1012110,소양강댐,기본변수,GradientBoosting,XGBoost,방류량변화,1186,최근3시간평균,74.85799606520519,59.703414240603294,20.244439633945674
1012110,소양강댐,기본변수,GradientBoosting,XGBoost,방류량변화,1186,최근6시간평균,66.52290331646992,59.703414240603294,10.251340118792198
1012110,소양강댐,기본변수,GradientBoosting,XGBoost,방류량변화,1186,최근3시간변화량반영,153.33767284991566,59.703414240603294,61.064092645360546
1012110,소양강댐,기본변수,RandomForest,XGBoost,전체,8760,현재방류량유지,14.51364611872146,17.101861292965534,-17.83297700021416
1012110,소양강댐,기본변수,RandomForest,XGBoost,전체,8760,최근3시간평균,14.479178082191781,17.101861292965534,-18.113481275566606
1012110,소양강댐,기본변수,RandomForest,XGBoost,전체,8760,최근6시간평균,14.755581430745814,17.101861292965534,-15.900965158382979
1012110,소양강댐,기본변수,RandomForest,XGBoost,전체,8760,최근3시간변화량반영,21.674909817351597,17.101861292965534,21.098350871684655
1012110,소양강댐,기본변수,RandomForest,XGBoost,강우발생,595,현재방류량유지,13.403478991596637,18.904150388567547,-41.03913170915982
1012110,소양강댐,기본변수,RandomForest,XGBoost,강우발생,595,최근3시간평균,13.4187675070028,18.904150388567547,-40.87844042831886
1012110,소양강댐,기본변수,RandomForest,XGBoost,강우발생,595,최근6시간평균,13.541484593837534,18.904150388567547,-39.601756790909455
1012110,소양강댐,기본변수,RandomForest,XGBoost,강우발생,595,최근3시간변화량반영,20.444672268907567,18.904150388567547,7.535077403431203
1012110,소양강댐,기본변수,RandomForest,XGBoost,최근24시간누적강우,2546,현재방류량유지,13.864650432050276,18.117287884614296,-30.672518383394603
1012110,소양강댐,기본변수,RandomForest,XGBoost,최근24시간누적강우,2546,최근3시간평균,13.7249384655669,18.117287884614296,-32.002689338585476
1012110,소양강댐,기본변수,RandomForest,XGBoost,최근24시간누적강우,2546,최근6시간평균,13.86934668761456,18.117287884614296,-30.628271775722375
1012110,소양강댐,기본변수,RandomForest,XGBoost,최근24시간누적강우,2546,최근3시간변화량반영,20.69876669285153,18.117287884614296,12.471655178995608
1012110,소양강댐,기본변수,RandomForest,XGBoost,유입량급증,8076,현재방류량유지,14.50387568103021,17.045471779054967,-17.523565107145394
1012110,소양강댐,기본변수,RandomForest,XGBoost,유입량급증,8076,최근3시간평균,14.50360203070827,17.045471779054967,-17.525782512267174
1012110,소양강댐,기본변수,RandomForest,XGBoost,유입량급증,8076,최근6시간평균,14.822106034340433,17.045471779054967,-15.000336251564752
1012110,소양강댐,기본변수,RandomForest,XGBoost,유입량급증,8076,최근3시간변화량반영,21.620652550767705,17.045471779054967,21.161159502330943
1012110,소양강댐,기본변수,RandomForest,XGBoost,방류량변화,1186,현재방류량유지,105.96767284991569,59.249466906234105,44.08722461032959
1012110,소양강댐,기본변수,RandomForest,XGBoost,방류량변화,1186,최근3시간평균,74.85799606520519,59.249466906234105,20.850850916948463
1012110,소양강댐,기본변수,RandomForest,XGBoost,방류량변화,1186,최근6시간평균,66.52290331646992,59.249466906234105,10.933732665926863
1012110,소양강댐,기본변수,RandomForest,XGBoost,방류량변화,1186,최근3시간변화량반영,153.33767284991566,59.249466906234105,61.36013687632622
1012110,소양강댐,기본변수,XGBoost,XGBoost,전체,8760,현재방류량유지,14.51364611872146,15.322120763213121,-5.570444792978601
1012110,소양강댐,기본변수,XGBoost,XGBoost,전체,8760,최근3시간평균,14.479178082191781,15.322120763213121,-5.821757811364244
1012110,소양강댐,기본변수,XGBoost,XGBoost,전체,8760,최근6시간평균,14.755581430745814,15.322120763213121,-3.8394917552135532
1012110,소양강댐,기본변수,XGBoost,XGBoost,전체,8760,최근3시간변화량반영,21.674909817351597,15.322120763213121,29.30941400758597
1012110,소양강댐,기본변수,XGBoost,XGBoost,강우발생,595,현재방류량유지,13.403478991596637,15.829498286191155,-18.099922386684234
1012110,소양강댐,기본변수,XGBoost,XGBoost,강우발생,595,최근3시간평균,13.4187675070028,15.829498286191155,-17.965366624992026
1012110,소양강댐,기본변수,XGBoost,XGBoost,강우발생,595,최근6시간평균,13.541484593837534,15.829498286191155,-16.89632829028843
1012110,소양강댐,기본변수,XGBoost,XGBoost,강우발생,595,최근3시간변화량반영,20.444672268907567,15.829498286191155,22.573969012627355
1012110,소양강댐,기본변수,XGBoost,XGBoost,최근24시간누적강우,2546,현재방류량유지,13.864650432050276,15.766844180536756,-13.719738249507296
1012110,소양강댐,기본변수,XGBoost,XGBoost,최근24시간누적강우,2546,최근3시간평균,13.7249384655669,15.766844180536756,-14.877339669628281
1012110,소양강댐,기본변수,XGBoost,XGBoost,최근24시간누적강우,2546,최근6시간평균,13.86934668761456,15.766844180536756,-13.681231969034831
1012110,소양강댐,기본변수,XGBoost,XGBoost,최근24시간누적강우,2546,최근3시간변화량반영,20.69876669285153,15.766844180536756,23.827132241739072
1012110,소양강댐,기본변수,XGBoost,XGBoost,유입량급증,8076,현재방류량유지,14.50387568103021,15.42776772205873,-6.369966630621972
1012110,소양강댐,기본변수,XGBoost,XGBoost,유입량급증,8076,최근3시간평균,14.50360203070827,15.42776772205873,-6.371973592447841
1012110,소양강댐,기본변수,XGBoost,XGBoost,유입량급증,8076,최근6시간평균,14.822106034340433,15.42776772205873,-4.086205336239514
1012110,소양강댐,기본변수,XGBoost,XGBoost,유입량급증,8076,최근3시간변화량반영,21.620652550767705,15.42776772205873,28.643376115347998
1012110,소양강댐,기본변수,XGBoost,XGBoost,방류량변화,1186,현재방류량유지,105.96767284991569,59.87333930746098,43.498486191858824
1012110,소양강댐,기본변수,XGBoost,XGBoost,방류량변화,1186,최근3시간평균,74.85799606520519,59.87333930746098,20.0174430860957
1012110,소양강댐,기본변수,XGBoost,XGBoost,방류량변화,1186,최근6시간평균,66.52290331646992,59.87333930746098,9.995901678215874
1012110,소양강댐,기본변수,XGBoost,XGBoost,방류량변화,1186,최근3시간변화량반영,153.33767284991566,59.87333930746098,60.953275085853164
1012110,소양강댐,예측유입량포함,GradientBoosting,XGBoost,전체,8760,현재방류량유지,14.51364611872146,15.339557169176741,-5.690582805308448
1012110,소양강댐,예측유입량포함,GradientBoosting,XGBoost,전체,8760,최근3시간평균,14.479178082191781,15.339557169176741,-5.94218181516226
1012110,소양강댐,예측유입량포함,GradientBoosting,XGBoost,전체,8760,최근6시간평균,14.755581430745814,15.339557169176741,-3.9576599619050787
1012110,소양강댐,예측유입량포함,GradientBoosting,XGBoost,전체,8760,최근3시간변화량반영,21.674909817351597,15.339557169176741,29.228968893347655
1012110,소양강댐,예측유입량포함,GradientBoosting,XGBoost,강우발생,595,현재방류량유지,13.403478991596637,16.024894443245028,-19.557724179609615
1012110,소양강댐,예측유입량포함,GradientBoosting,XGBoost,강우발생,595,최근3시간평균,13.4187675070028,16.024894443245028,-19.421507488539312
1012110,소양강댐,예측유입량포함,GradientBoosting,XGBoost,강우발생,595,최근6시간평균,13.541484593837534,16.024894443245028,-18.339273158702593
1012110,소양강댐,예측유입량포함,GradientBoosting,XGBoost,강우발생,595,최근3시간변화량반영,20.444672268907567,16.024894443245028,21.618237590358323
1012110,소양강댐,예측유입량포함,GradientBoosting,XGBoost,최근24시간누적강우,2546,현재방류량유지,13.864650432050276,15.923862957769822,-14.852249869635079
1012110,소양강댐,예측유입량포함,GradientBoosting,XGBoost,최근24시간누적강우,2546,최근3시간평균,13.7249384655669,15.923862957769822,-16.021379605595897
1012110,소양강댐,예측유입량포함,GradientBoosting,XGBoost,최근24시간누적강우,2546,최근6시간평균,13.86934668761456,15.923862957769822,-14.813360112989049
1012110,소양강댐,예측유입량포함,GradientBoosting,XGBoost,최근24시간누적강우,2546,최근3시간변화량반영,20.69876669285153,15.923862957769822,23.068542227352886
1012110,소양강댐,예측유입량포함,GradientBoosting,XGBoost,유입량급증,8076,현재방류량유지,14.50387568103021,15.454507052283864,-6.55432652733638
1012110,소양강댐,예측유입량포함,GradientBoosting,XGBoost,유입량급증,8076,최근3시간평균,14.50360203070827,15.454507052283864,-6.556336967618498
1012110,소양강댐,예측유입량포함,GradientBoosting,XGBoost,유입량급증,8076,최근6시간평균,14.822106034340433,15.454507052283864,-4.266607029245777
1012110,소양강댐,예측유입량포함,GradientBoosting,XGBoost,유입량급증,8076,최근3시간변화량반영,21.620652550767705,15.454507052283864,28.519701170004204
1012110,소양강댐,예측유입량포함,GradientBoosting,XGBoost,방류량변화,1186,현재방류량유지,105.96767284991569,59.613657989805695,43.74354330283556
1012110,소양강댐,예측유입량포함,GradientBoosting,XGBoost,방류량변화,1186,최근3시간평균,74.85799606520519,59.613657989805695,20.36434165579437
1012110,소양강댐,예측유입량포함,GradientBoosting,XGBoost,방류량변화,1186,최근6시간평균,66.52290331646992,59.613657989805695,10.386265454763482
1012110,소양강댐,예측유입량포함,GradientBoosting,XGBoost,방류량변화,1186,최근3시간변화량반영,153.33767284991566,59.613657989805695,61.12262767405207
1012110,소양강댐,예측유입량포함,RandomForest,XGBoost,전체,8760,현재방류량유지,14.51364611872146,17.169675615763804,-18.30022225508361
1012110,소양강댐,예측유입량포함,RandomForest,XGBoost,전체,8760,최근3시간평균,14.479178082191781,17.169675615763804,-18.581838819160026
1012110,소양강댐,예측유입량포함,RandomForest,XGBoost,전체,8760,최근6시간평균,14.755581430745814,17.169675615763804,-16.36054937142502
1012110,소양강댐,예측유입량포함,RandomForest,XGBoost,전체,8760,최근3시간변화량반영,21.674909817351597,17.169675615763804,20.78548072195982
1012110,소양강댐,예측유입량포함,RandomForest,XGBoost,강우발생,595,현재방류량유지,13.403478991596637,18.628150003346793,-38.97996195633822
1012110,소양강댐,예측유입량포함,RandomForest,XGBoost,강우발생,595,최근3시간평균,13.4187675070028,18.628150003346793,-38.82161676640864
1012110,소양강댐,예측유입량포함,RandomForest,XGBoost,강우발생,595,최근6시간평균,13.541484593837534,18.628150003346793,-37.563572695892596
1012110,소양강댐,예측유입량포함,RandomForest,XGBoost,강우발생,595,최근3시간변화량반영,20.444672268907567,18.628150003346793,8.885064243966175
1012110,소양강댐,예측유입량포함,RandomForest,XGBoost,최근24시간누적강우,2546,현재방류량유지,13.864650432050276,17.9663143008471,-29.58360824817621
1012110,소양강댐,예측유입량포함,RandomForest,XGBoost,최근24시간누적강우,2546,최근3시간평균,13.7249384655669,17.9663143008471,-30.9026947255243
1012110,소양강댐,예측유입량포함,RandomForest,XGBoost,최근24시간누적강우,2546,최근6시간평균,13.86934668761456,17.9663143008471,-29.539730352916806
1012110,소양강댐,예측유입량포함,RandomForest,XGBoost,최근24시간누적강우,2546,최근3시간변화량반영,20.69876669285153,17.9663143008471,13.201039620143673
1012110,소양강댐,예측유입량포함,RandomForest,XGBoost,유입량급증,8076,현재방류량유지,14.50387568103021,17.111741053656388,-17.98047246114385
1012110,소양강댐,예측유입량포함,RandomForest,XGBoost,유입량급증,8076,최근3시간평균,14.50360203070827,17.111741053656388,-17.982698487078878
1012110,소양강댐,예측유입량포함,RandomForest,XGBoost,유입량급증,8076,최근6시간평균,14.822106034340433,17.111741053656388,-15.447433812787736
1012110,소양강댐,예측유입량포함,RandomForest,XGBoost,유입량급증,8076,최근3시간변화량반영,21.620652550767705,17.111741053656388,20.854650369705027
1012110,소양강댐,예측유입량포함,RandomForest,XGBoost,방류량변화,1186,현재방류량유지,105.96767284991569,59.15456482915763,44.17678218437474
1012110,소양강댐,예측유입량포함,RandomForest,XGBoost,방류량변화,1186,최근3시간평균,74.85799606520519,59.15456482915763,20.97762705585794
1012110,소양강댐,예측유입량포함,RandomForest,XGBoost,방류량변화,1186,최근6시간평균,66.52290331646992,59.15456482915763,11.076393422365888
1012110,소양강댐,예측유입량포함,RandomForest,XGBoost,방류량변화,1186,최근3시간변화량반영,153.33767284991566,59.15456482915763,61.42202778370249
1012110,소양강댐,예측유입량포함,XGBoost,XGBoost,전체,8760,현재방류량유지,14.51364611872146,15.270954937117521,-5.217908802524761
1012110,소양강댐,예측유입량포함,XGBoost,XGBoost,전체,8760,최근3시간평균,14.479178082191781,15.270954937117521,-5.468382600387802
1012110,소양강댐,예측유입량포함,XGBoost,XGBoost,전체,8760,최근6시간평균,14.755581430745814,15.270954937117521,-3.492736011729348
1012110,소양강댐,예측유입량포함,XGBoost,XGBoost,전체,8760,최근3시간변화량반영,21.674909817351597,15.270954937117521,29.545474164360602
1012110,소양강댐,예측유입량포함,XGBoost,XGBoost,강우발생,595,현재방류량유지,13.403478991596637,15.780051298686436,-17.73101079637458
1012110,소양강댐,예측유입량포함,XGBoost,XGBoost,강우발생,595,최근3시간평균,13.4187675070028,15.780051298686436,-17.596875349776813
1012110,소양강댐,예측유입량포함,XGBoost,XGBoost,강우발생,595,최근6시간평균,13.541484593837534,15.780051298686436,-16.531176396032894
1012110,소양강댐,예측유입량포함,XGBoost,XGBoost,강우발생,595,최근3시간변화량반영,20.444672268907567,15.780051298686436,22.815826582435008
1012110,소양강댐,예측유입량포함,XGBoost,XGBoost,최근24시간누적강우,2546,현재방류량유지,13.864650432050276,15.75883672558971,-13.661983782589502
1012110,소양강댐,예측유입량포함,XGBoost,XGBoost,최근24시간누적강우,2546,최근3시간평균,13.7249384655669,15.75883672558971,-14.81899729551028
1012110,소양강댐,예측유입량포함,XGBoost,XGBoost,최근24시간누적강우,2546,최근6시간평균,13.86934668761456,15.75883672558971,-13.6234970581742
1012110,소양강댐,예측유입량포함,XGBoost,XGBoost,최근24시간누적강우,2546,최근3시간변화량반영,20.69876669285153,15.75883672558971,23.86581790386508
1012110,소양강댐,예측유입량포함,XGBoost,XGBoost,유입량급증,8076,현재방류량유지,14.50387568103021,15.381572394501186,-6.051463296937417
1012110,소양강댐,예측유입량포함,XGBoost,XGBoost,유입량급증,8076,최근3시간평균,14.50360203070827,15.381572394501186,-6.0534642493223485
1012110,소양강댐,예측유입량포함,XGBoost,XGBoost,유입량급증,8076,최근6시간평균,14.822106034340433,15.381572394501186,-3.7745402634724092
1012110,소양강댐,예측유입량포함,XGBoost,XGBoost,유입량급증,8076,최근3시간변화량반영,21.620652550767705,15.381572394501186,28.857039081574726
1012110,소양강댐,예측유입량포함,XGBoost,XGBoost,방류량변화,1186,현재방류량유지,105.96767284991569,59.8730908251452,43.49872068065064
1012110,소양강댐,예측유입량포함,XGBoost,XGBoost,방류량변화,1186,최근3시간평균,74.85799606520519,59.8730908251452,20.017775024337226
1012110,소양강댐,예측유입량포함,XGBoost,XGBoost,방류량변화,1186,최근6시간평균,66.52290331646992,59.8730908251452,9.996275207186192
1012110,소양강댐,예측유입량포함,XGBoost,XGBoost,방류량변화,1186,최근3시간변화량반영,153.33767284991566,59.8730908251452,60.953437134951194
2001110,안동댐,기본변수,GradientBoosting,XGBoost,전체,8760,현재방류량유지,31.34787100456621,23.006756655787033,26.60823233438784
2001110,안동댐,기본변수,GradientBoosting,XGBoost,전체,8760,최근3시간평균,33.363565144596656,23.006756655787033,31.042271543594147
2001110,안동댐,기본변수,GradientBoosting,XGBoost,전체,8760,최근6시간평균,31.0627453957382,23.006756655787033,25.934567718719563
2001110,안동댐,기본변수,GradientBoosting,XGBoost,전체,8760,최근3시간변화량반영,45.64106506849315,23.006756655787033,49.59198120977021
2001110,안동댐,기본변수,GradientBoosting,XGBoost,강우발생,508,현재방류량유지,29.03383858267717,25.29209344291639,12.887531661050378
2001110,안동댐,기본변수,GradientBoosting,XGBoost,강우발생,508,최근3시간평균,32.598055774278215,25.29209344291639,22.412264037926644
2001110,안동댐,기본변수,GradientBoosting,XGBoost,강우발생,508,최근6시간평균,31.944226049868764,25.29209344291639,20.824209660198367
2001110,안동댐,기본변수,GradientBoosting,XGBoost,강우발생,508,최근3시간변화량반영,42.99458858267717,25.29209344291639,41.17377494081486
2001110,안동댐,기본변수,GradientBoosting,XGBoost,최근24시간누적강우,2117,현재방류량유지,30.375709022201228,24.20878805012173,20.30214658552389
2001110,안동댐,기본변수,GradientBoosting,XGBoost,최근24시간누적강우,2117,최근3시간평균,32.96951314753582,24.20878805012173,26.57220037860607
2001110,안동댐,기본변수,GradientBoosting,XGBoost,최근24시간누적강우,2117,최근6시간평균,31.23899661470634,24.20878805012173,22.504591460773778
2001110,안동댐,기본변수,GradientBoosting,XGBoost,최근24시간누적강우,2117,최근3시간변화량반영,44.11809730751063,24.20878805012173,45.12730709717066
2001110,안동댐,기본변수,GradientBoosting,XGBoost,유입량급증,876,현재방류량유지,48.229050228310506,35.48143272270125,26.431408964645943
2001110,안동댐,기본변수,GradientBoosting,XGBoost,유입량급증,876,최근3시간평균,48.92711111111111,35.48143272270125,27.48103880050341
2001110,안동댐,기본변수,GradientBoosting,XGBoost,유입량급증,876,최근6시간평균,43.28080117960426,35.48143272270125,18.020388357733086
2001110,안동댐,기본변수,GradientBoosting,XGBoost,유입량급증,876,최근3시간변화량반영,53.66216438356164,35.48143272270125,33.87998205012712
2001110,안동댐,기본변수,GradientBoosting,XGBoost,방류량변화,4420,현재방류량유지,61.89587330316742,29.786957783207416,51.87569672486855
2001110,안동댐,기본변수,GradientBoosting,XGBoost,방류량변화,4420,최근3시간평균,57.26599472096532,29.786957783207416,47.98491158959597
2001110,안동댐,기본변수,GradientBoosting,XGBoost,방류량변화,4420,최근6시간평균,45.1430266214178,29.786957783207416,34.016480478791834
2001110,안동댐,기본변수,GradientBoosting,XGBoost,방류량변화,4420,최근3시간변화량반영,86.07531357466064,29.786957783207416,65.39430813996329
2001110,안동댐,기본변수,RandomForest,XGBoost,전체,8760,현재방류량유지,31.34787100456621,24.55707727310782,21.66269514911946
2001110,안동댐,기본변수,RandomForest,XGBoost,전체,8760,최근3시간평균,33.363565144596656,24.55707727310782,26.39552407940156
2001110,안동댐,기본변수,RandomForest,XGBoost,전체,8760,최근6시간평균,31.0627453957382,24.55707727310782,20.943635341140705
2001110,안동댐,기본변수,RandomForest,XGBoost,전체,8760,최근3시간변화량반영,45.64106506849315,24.55707727310782,46.195214252219515
2001110,안동댐,기본변수,RandomForest,XGBoost,강우발생,508,현재방류량유지,29.03383858267717,26.876992807731416,7.428731026398351
2001110,안동댐,기본변수,RandomForest,XGBoost,강우발생,508,최근3시간평균,32.598055774278215,26.876992807731416,17.550319583970573
2001110,안동댐,기본변수,RandomForest,XGBoost,강우발생,508,최근6시간평균,31.944226049868764,26.876992807731416,15.862751641648135
2001110,안동댐,기본변수,RandomForest,XGBoost,강우발생,508,최근3시간변화량반영,42.99458858267717,26.876992807731416,37.487498557992126
2001110,안동댐,기본변수,RandomForest,XGBoost,최근24시간누적강우,2117,현재방류량유지,30.375709022201228,25.880979734524203,14.79711727680787
2001110,안동댐,기본변수,RandomForest,XGBoost,최근24시간누적강우,2117,최근3시간평균,32.96951314753582,25.880979734524203,21.50026717498382
2001110,안동댐,기본변수,RandomForest,XGBoost,최근24시간누적강우,2117,최근6시간평균,31.23899661470634,25.880979734524203,17.1516932706467
2001110,안동댐,기본변수,RandomForest,XGBoost,최근24시간누적강우,2117,최근3시간변화량반영,44.11809730751063,25.880979734524203,41.33704462790093
2001110,안동댐,기본변수,RandomForest,XGBoost,유입량급증,876,현재방류량유지,48.229050228310506,36.21395258925607,24.91257360901037
2001110,안동댐,기본변수,RandomForest,XGBoost,유입량급증,876,최근3시간평균,48.92711111111111,36.21395258925607,25.983873221094278
2001110,안동댐,기본변수,RandomForest,XGBoost,유입량급증,876,최근6시간평균,43.28080117960426,36.21395258925607,16.32790613330511
2001110,안동댐,기본변수,RandomForest,XGBoost,유입량급증,876,최근3시간변화량반영,53.66216438356164,36.21395258925607,32.51492367991495
2001110,안동댐,기본변수,RandomForest,XGBoost,방류량변화,4420,현재방류량유지,61.89587330316742,30.332498784345766,50.9943116307989
2001110,안동댐,기본변수,RandomForest,XGBoost,방류량변화,4420,최근3시간평균,57.26599472096532,30.332498784345766,47.0322676971838
2001110,안동댐,기본변수,RandomForest,XGBoost,방류량변화,4420,최근6시간평균,45.1430266214178,30.332498784345766,32.80800811446985
2001110,안동댐,기본변수,RandomForest,XGBoost,방류량변화,4420,최근3시간변화량반영,86.07531357466064,30.332498784345766,64.7605131777583
2001110,안동댐,기본변수,XGBoost,XGBoost,전체,8760,현재방류량유지,31.34787100456621,23.834125124241652,23.96891922654041
2001110,안동댐,기본변수,XGBoost,XGBoost,전체,8760,최근3시간평균,33.363565144596656,23.834125124241652,28.562415254648915
2001110,안동댐,기본변수,XGBoost,XGBoost,전체,8760,최근6시간평균,31.0627453957382,23.834125124241652,23.27102829902573
2001110,안동댐,기본변수,XGBoost,XGBoost,전체,8760,최근3시간변화량반영,45.64106506849315,23.834125124241652,47.77920916509291
2001110,안동댐,기본변수,XGBoost,XGBoost,강우발생,508,현재방류량유지,29.03383858267717,25.721075274955805,11.410008009405622
2001110,안동댐,기본변수,XGBoost,XGBoost,강우발생,508,최근3시간평균,32.598055774278215,25.721075274955805,21.09629036449699
2001110,안동댐,기본변수,XGBoost,XGBoost,강우발생,508,최근6시간평균,31.944226049868764,25.721075274955805,19.481300831010508
2001110,안동댐,기본변수,XGBoost,XGBoost,강우발생,508,최근3시간변화량반영,42.99458858267717,25.721075274955805,40.176017208549325
2001110,안동댐,기본변수,XGBoost,XGBoost,최근24시간누적강우,2117,현재방류량유지,30.375709022201228,24.58760247319906,19.055050022936797
2001110,안동댐,기본변수,XGBoost,XGBoost,최근24시간누적강우,2117,최근3시간평균,32.96951314753582,24.58760247319906,25.423216402463726
2001110,안동댐,기본변수,XGBoost,XGBoost,최근24시간누적강우,2117,최근6시간평균,31.23899661470634,24.58760247319906,21.291958328700016
2001110,안동댐,기본변수,XGBoost,XGBoost,최근24시간누적강우,2117,최근3시간변화량반영,44.11809730751063,24.58760247319906,44.26866983446885
2001110,안동댐,기본변수,XGBoost,XGBoost,유입량급증,876,현재방류량유지,48.229050228310506,37.38792787157441,22.47840731968705
2001110,안동댐,기본변수,XGBoost,XGBoost,유입량급증,876,최근3시간평균,48.92711111111111,37.38792787157441,23.584436067217965
2001110,안동댐,기본변수,XGBoost,XGBoost,유입량급증,876,최근6시간평균,43.28080117960426,37.38792787157441,13.61544414017645
2001110,안동댐,기본변수,XGBoost,XGBoost,유입량급증,876,최근3시간변화량반영,53.66216438356164,37.38792787157441,30.327208562934004
2001110,안동댐,기본변수,XGBoost,XGBoost,방류량변화,4420,현재방류량유지,61.89587330316742,31.157088221641338,49.6620912527832
2001110,안동댐,기본변수,XGBoost,XGBoost,방류량변화,4420,최근3시간평균,57.26599472096532,31.157088221641338,45.59233909502912
2001110,안동댐,기본변수,XGBoost,XGBoost,방류량변화,4420,최근6시간평균,45.1430266214178,31.157088221641338,30.98139280085605
2001110,안동댐,기본변수,XGBoost,XGBoost,방류량변화,4420,최근3시간변화량반영,86.07531357466064,31.157088221641338,63.80252719658572
2001110,안동댐,예측유입량포함,GradientBoosting,XGBoost,전체,8760,현재방류량유지,31.34787100456621,23.664761219474876,24.509191657615894
2001110,안동댐,예측유입량포함,GradientBoosting,XGBoost,전체,8760,최근3시간평균,33.363565144596656,23.664761219474876,29.070046570525253
2001110,안동댐,예측유입량포함,GradientBoosting,XGBoost,전체,8760,최근6시간평균,31.0627453957382,23.664761219474876,23.81625990237916
2001110,안동댐,예측유입량포함,GradientBoosting,XGBoost,전체,8760,최근3시간변화량반영,45.64106506849315,23.664761219474876,48.15028706284269
2001110,안동댐,예측유입량포함,GradientBoosting,XGBoost,강우발생,508,현재방류량유지,29.03383858267717,25.796234437518688,11.151140542229834
2001110,안동댐,예측유입량포함,GradientBoosting,XGBoost,강우발생,508,최근3시간평균,32.598055774278215,25.796234437518688,20.865727035557025
2001110,안동댐,예측유입량포함,GradientBoosting,XGBoost,강우발생,508,최근6시간평균,31.944226049868764,25.796234437518688,19.246018365736344
2001110,안동댐,예측유입량포함,GradientBoosting,XGBoost,강우발생,508,최근3시간변화량반영,42.99458858267717,25.796234437518688,40.00120645900964
2001110,안동댐,예측유입량포함,GradientBoosting,XGBoost,최근24시간누적강우,2117,현재방류량유지,30.375709022201228,24.86672227904447,18.136158530917935
2001110,안동댐,예측유입량포함,GradientBoosting,XGBoost,최근24시간누적강우,2117,최근3시간평균,32.96951314753582,24.86672227904447,24.576616682909563
2001110,안동댐,예측유입량포함,GradientBoosting,XGBoost,최근24시간누적강우,2117,최근6시간평균,31.23899661470634,24.86672227904447,20.39846034191125
2001110,안동댐,예측유입량포함,GradientBoosting,XGBoost,최근24시간누적강우,2117,최근3시간변화량반영,44.11809730751063,24.86672227904447,43.636004731302904
2001110,안동댐,예측유입량포함,GradientBoosting,XGBoost,유입량급증,876,현재방류량유지,48.229050228310506,35.064356093387296,27.29619196853999
2001110,안동댐,예측유입량포함,GradientBoosting,XGBoost,유입량급증,876,최근3시간평균,48.92711111111111,35.064356093387296,28.33348363086912
2001110,안동댐,예측유입량포함,GradientBoosting,XGBoost,유입량급증,876,최근6시간평균,43.28080117960426,35.064356093387296,18.984041104324334
2001110,안동댐,예측유입량포함,GradientBoosting,XGBoost,유입량급증,876,최근3시간변화량반영,53.66216438356164,35.064356093387296,34.657208675450704
2001110,안동댐,예측유입량포함,GradientBoosting,XGBoost,방류량변화,4420,현재방류량유지,61.89587330316742,29.845976943116806,51.7803443907633
2001110,안동댐,예측유입량포함,GradientBoosting,XGBoost,방류량변화,4420,최근3시간평균,57.26599472096532,29.845976943116806,47.88185014764081
2001110,안동댐,예측유입량포함,GradientBoosting,XGBoost,방류량변화,4420,최근6시간평균,45.1430266214178,29.845976943116806,33.88574232424951
2001110,안동댐,예측유입량포함,GradientBoosting,XGBoost,방류량변화,4420,최근3시간변화량반영,86.07531357466064,29.845976943116806,65.32574125654646
2001110,안동댐,예측유입량포함,RandomForest,XGBoost,전체,8760,현재방류량유지,31.34787100456621,24.404473884733424,22.149501377051706
2001110,안동댐,예측유입량포함,RandomForest,XGBoost,전체,8760,최근3시간평균,33.363565144596656,24.404473884733424,26.85291940784748
2001110,안동댐,예측유입량포함,RandomForest,XGBoost,전체,8760,최근6시간평균,31.0627453957382,24.404473884733424,21.43490997392101
2001110,안동댐,예측유입량포함,RandomForest,XGBoost,전체,8760,최근3시간변화량반영,45.64106506849315,24.404473884733424,46.52956970195625
2001110,안동댐,예측유입량포함,RandomForest,XGBoost,강우발생,508,현재방류량유지,29.03383858267717,26.833115636826648,7.579855276744453
2001110,안동댐,예측유입량포함,RandomForest,XGBoost,강우발생,508,최근3시간평균,32.598055774278215,26.833115636826648,17.684920160178525
2001110,안동댐,예측유입량포함,RandomForest,XGBoost,강우발생,508,최근6시간평균,31.944226049868764,26.833115636826648,16.000107202669618
2001110,안동댐,예측유입량포함,RandomForest,XGBoost,강우발생,508,최근3시간변화량반영,42.99458858267717,26.833115636826648,37.58955133335569
2001110,안동댐,예측유입량포함,RandomForest,XGBoost,최근24시간누적강우,2117,현재방류량유지,30.375709022201228,25.568948416484503,15.824356897162545
2001110,안동댐,예측유입량포함,RandomForest,XGBoost,최근24시간누적강우,2117,최근3시간평균,32.96951314753582,25.568948416484503,22.446690971548193
2001110,안동댐,예측유입량포함,RandomForest,XGBoost,최근24시간누적강우,2117,최근6시간평균,31.23899661470634,25.568948416484503,18.150545192455244
2001110,안동댐,예측유입량포함,RandomForest,XGBoost,최근24시간누적강우,2117,최근3시간변화량반영,44.11809730751063,25.568948416484503,42.044308397380355
2001110,안동댐,예측유입량포함,RandomForest,XGBoost,유입량급증,876,현재방류량유지,48.229050228310506,35.5738238672834,26.23984155010059
2001110,안동댐,예측유입량포함,RandomForest,XGBoost,유입량급증,876,최근3시간평균,48.92711111111111,35.5738238672834,27.292204547910124
2001110,안동댐,예측유입량포함,RandomForest,XGBoost,유입량급증,876,최근6시간평균,43.28080117960426,35.5738238672834,17.80691923963901
2001110,안동댐,예측유입량포함,RandomForest,XGBoost,유입량급증,876,최근3시간변화량반영,53.66216438356164,35.5738238672834,33.70781019376708
2001110,안동댐,예측유입량포함,RandomForest,XGBoost,방류량변화,4420,현재방류량유지,61.89587330316742,29.88110973607618,51.72358326746952
2001110,안동댐,예측유입량포함,RandomForest,XGBoost,방류량변화,4420,최근3시간평균,57.26599472096532,29.88110973607618,47.82049996394006
2001110,안동댐,예측유입량포함,RandomForest,XGBoost,방류량변화,4420,최근6시간평균,45.1430266214178,29.88110973607618,33.80791680923917
2001110,안동댐,예측유입량포함,RandomForest,XGBoost,방류량변화,4420,최근3시간변화량반영,86.07531357466064,29.88110973607618,65.28492491618088
2001110,안동댐,예측유입량포함,XGBoost,XGBoost,전체,8760,현재방류량유지,31.34787100456621,23.675060034468725,24.4763383420196
2001110,안동댐,예측유입량포함,XGBoost,XGBoost,전체,8760,최근3시간평균,33.363565144596656,23.675060034468725,29.039178121817173
2001110,안동댐,예측유입량포함,XGBoost,XGBoost,전체,8760,최근6시간평균,31.0627453957382,23.675060034468725,23.78310502549161
2001110,안동댐,예측유입량포함,XGBoost,XGBoost,전체,8760,최근3시간변화량반영,45.64106506849315,23.675060034468725,48.127722262966984
2001110,안동댐,예측유입량포함,XGBoost,XGBoost,강우발생,508,현재방류량유지,29.03383858267717,25.51514192713527,12.119295371578263
2001110,안동댐,예측유입량포함,XGBoost,XGBoost,강우발생,508,최근3시간평균,32.598055774278215,25.51514192713527,21.72802542638687
2001110,안동댐,예측유입량포함,XGBoost,XGBoost,강우발생,508,최근6시간평균,31.944226049868764,25.51514192713527,20.125966153310216
2001110,안동댐,예측유입량포함,XGBoost,XGBoost,강우발생,508,최근3시간변화량반영,42.99458858267717,25.51514192713527,40.654992248453546
2001110,안동댐,예측유입량포함,XGBoost,XGBoost,최근24시간누적강우,2117,현재방류량유지,30.375709022201228,24.499841033712105,19.343969828636837
2001110,안동댐,예측유입량포함,XGBoost,XGBoost,최근24시간누적강우,2117,최근3시간평균,32.96951314753582,24.499841033712105,25.689406076221506
2001110,안동댐,예측유입량포함,XGBoost,XGBoost,최근24시간누적강우,2117,최근6시간평균,31.23899661470634,24.499841033712105,21.57289385479703
2001110,안동댐,예측유입량포함,XGBoost,XGBoost,최근24시간누적강우,2117,최근3시간변화량반영,44.11809730751063,24.499841033712105,44.46759373382752
2001110,안동댐,예측유입량포함,XGBoost,XGBoost,유입량급증,876,현재방류량유지,48.229050228310506,36.43036309284244,24.463859602489585
2001110,안동댐,예측유입량포함,XGBoost,XGBoost,유입량급증,876,최근3시간평균,48.92711111111111,36.43036309284244,25.541561180444837
2001110,안동댐,예측유입량포함,XGBoost,XGBoost,유입량급증,876,최근6시간평균,43.28080117960426,36.43036309284244,15.827891120439874
2001110,안동댐,예측유입량포함,XGBoost,XGBoost,유입량급증,876,최근3시간변화량반영,53.66216438356164,36.43036309284244,32.11164046152008
2001110,안동댐,예측유입량포함,XGBoost,XGBoost,방류량변화,4420,현재방류량유지,61.89587330316742,30.730097945212346,50.35194382879838
2001110,안동댐,예측유입량포함,XGBoost,XGBoost,방류량변화,4420,최근3시간평균,57.26599472096532,30.730097945212346,46.33796532314153
2001110,안동댐,예측유입량포함,XGBoost,XGBoost,방류량변화,4420,최근6시간평균,45.1430266214178,30.730097945212346,31.927253786230054
2001110,안동댐,예측유입량포함,XGBoost,XGBoost,방류량변화,4420,최근3시간변화량반영,86.07531357466064,30.730097945212346,64.29859309364299
2002110,임하댐,기본변수,GradientBoosting,GradientBoosting,전체,8760,현재방류량유지,9.903031392694063,9.950797240011033,-0.4823356144484159
2002110,임하댐,기본변수,GradientBoosting,GradientBoosting,전체,8760,최근3시간평균,10.504437785388124,9.950797240011033,5.270539525182541
2002110,임하댐,기본변수,GradientBoosting,GradientBoosting,전체,8760,최근6시간평균,10.947573249619483,9.950797240011033,9.10499511517857
2002110,임하댐,기본변수,GradientBoosting,GradientBoosting,전체,8760,최근3시간변화량반영,15.342783904109586,9.950797240011033,35.14347003645344
2002110,임하댐,기본변수,GradientBoosting,GradientBoosting,강우발생,498,현재방류량유지,9.072130522088354,12.21837468842975,-34.68032298125652
2002110,임하댐,기본변수,GradientBoosting,GradientBoosting,강우발생,498,최근3시간평균,9.779913654618472,12.21837468842975,-24.93335953594782
2002110,임하댐,기본변수,GradientBoosting,GradientBoosting,강우발생,498,최근6시간평균,11.112570281124498,12.21837468842975,-9.950932856492619
2002110,임하댐,기본변수,GradientBoosting,GradientBoosting,강우발생,498,최근3시간변화량반영,13.994949799196789,12.21837468842975,12.694401453794441
2002110,임하댐,기본변수,GradientBoosting,GradientBoosting,최근24시간누적강우,2143,현재방류량유지,10.202480167988801,12.2765059907064,-20.32864351184962
2002110,임하댐,기본변수,GradientBoosting,GradientBoosting,최근24시간누적강우,2143,최근3시간평균,10.918550629958002,12.2765059907064,-12.437139385721034
2002110,임하댐,기본변수,GradientBoosting,GradientBoosting,최근24시간누적강우,2143,최근6시간평균,11.483655000777727,12.2765059907064,-6.904169359624424
2002110,임하댐,기본변수,GradientBoosting,GradientBoosting,최근24시간누적강우,2143,최근3시간변화량반영,15.515719552029864,12.2765059907064,20.876979314180048
2002110,임하댐,기본변수,GradientBoosting,GradientBoosting,유입량급증,877,현재방류량유지,16.477939566704677,17.86197120898437,-8.399300389936304
2002110,임하댐,기본변수,GradientBoosting,GradientBoosting,유입량급증,877,최근3시간평균,17.543511972633983,17.86197120898437,-1.8152536210945192
2002110,임하댐,기본변수,GradientBoosting,GradientBoosting,유입량급증,877,최근6시간평균,17.813702774610416,17.86197120898437,-0.2709623876892787
2002110,임하댐,기본변수,GradientBoosting,GradientBoosting,유입량급증,877,최근3시간변화량반영,20.588802736602048,17.86197120898437,13.244245245839437
2002110,임하댐,기본변수,GradientBoosting,GradientBoosting,방류량변화,2246,현재방류량유지,38.264999554764024,19.36752485343204,49.3857962138124
2002110,임하댐,기본변수,GradientBoosting,GradientBoosting,방류량변화,2246,최근3시간평균,33.645118432769365,19.36752485343204,42.4358547224829
2002110,임하댐,기본변수,GradientBoosting,GradientBoosting,방류량변화,2246,최근6시간평균,28.819761947165333,19.36752485343204,32.79776255980837
2002110,임하댐,기본변수,GradientBoosting,GradientBoosting,방류량변화,2246,최근3시간변화량반영,54.593390917186106,19.36752485343204,64.52404855596706
2002110,임하댐,기본변수,RandomForest,GradientBoosting,전체,8760,현재방류량유지,9.903031392694063,10.443414243987077,-5.456741777994162
2002110,임하댐,기본변수,RandomForest,GradientBoosting,전체,8760,최근3시간평균,10.504437785388124,10.443414243987077,0.5809310564524651
2002110,임하댐,기본변수,RandomForest,GradientBoosting,전체,8760,최근6시간평균,10.947573249619483,10.443414243987077,4.605212444227581
2002110,임하댐,기본변수,RandomForest,GradientBoosting,전체,8760,최근3시간변화량반영,15.342783904109586,10.443414243987077,31.93272935826338
2002110,임하댐,기본변수,RandomForest,GradientBoosting,강우발생,498,현재방류량유지,9.072130522088354,12.52597948935424,-38.070979676236284
2002110,임하댐,기본변수,RandomForest,GradientBoosting,강우발생,498,최근3시간평균,9.779913654618472,12.52597948935424,-28.07863066806285
2002110,임하댐,기본변수,RandomForest,GradientBoosting,강우발생,498,최근6시간평균,11.112570281124498,12.52597948935424,-12.719012545914063
2002110,임하댐,기본변수,RandomForest,GradientBoosting,강우발생,498,최근3시간변화량반영,13.994949799196789,12.52597948935424,10.49643143362227
2002110,임하댐,기본변수,RandomForest,GradientBoosting,최근24시간누적강우,2143,현재방류량유지,10.202480167988801,12.261121299993908,-20.177849876780733
2002110,임하댐,기본변수,RandomForest,GradientBoosting,최근24시간누적강우,2143,최근3시간평균,10.918550629958002,12.261121299993908,-12.296235237964641
2002110,임하댐,기본변수,RandomForest,GradientBoosting,최근24시간누적강우,2143,최근6시간평균,11.483655000777727,12.261121299993908,-6.770199027779287
2002110,임하댐,기본변수,RandomForest,GradientBoosting,최근24시간누적강우,2143,최근3시간변화량반영,15.515719552029864,12.261121299993908,20.976134823281008
2002110,임하댐,기본변수,RandomForest,GradientBoosting,유입량급증,877,현재방류량유지,16.477939566704677,17.52837091761349,-6.374773658178199
2002110,임하댐,기본변수,RandomForest,GradientBoosting,유입량급증,877,최근3시간평균,17.543511972633983,17.52837091761349,0.08630572398566114
2002110,임하댐,기본변수,RandomForest,GradientBoosting,유입량급증,877,최근6시간평균,17.813702774610416,17.52837091761349,1.6017548996248272
2002110,임하댐,기본변수,RandomForest,GradientBoosting,유입량급증,877,최근3시간변화량반영,20.588802736602048,17.52837091761349,14.864544860337267
2002110,임하댐,기본변수,RandomForest,GradientBoosting,방류량변화,2246,현재방류량유지,38.264999554764024,17.332275142506155,54.70462473754747
2002110,임하댐,기본변수,RandomForest,GradientBoosting,방류량변화,2246,최근3시간평균,33.645118432769365,17.332275142506155,48.48502264261604
2002110,임하댐,기본변수,RandomForest,GradientBoosting,방류량변화,2246,최근6시간평균,28.819761947165333,17.332275142506155,39.85975604419962
2002110,임하댐,기본변수,RandomForest,GradientBoosting,방류량변화,2246,최근3시간변화량반영,54.593390917186106,17.332275142506155,68.25206338840931
2002110,임하댐,기본변수,XGBoost,GradientBoosting,전체,8760,현재방류량유지,9.903031392694063,9.766547714805112,1.3782010020652962
2002110,임하댐,기본변수,XGBoost,GradientBoosting,전체,8760,최근3시간평균,10.504437785388124,9.766547714805112,7.024555579827709
2002110,임하댐,기본변수,XGBoost,GradientBoosting,전체,8760,최근6시간평균,10.947573249619483,9.766547714805112,10.788012172975602
2002110,임하댐,기본변수,XGBoost,GradientBoosting,전체,8760,최근3시간변화량반영,15.342783904109586,9.766547714805112,36.34435721805917
2002110,임하댐,기본변수,XGBoost,GradientBoosting,강우발생,498,현재방류량유지,9.072130522088354,11.809269862027532,-30.17085494168027
2002110,임하댐,기본변수,XGBoost,GradientBoosting,강우발생,498,최근3시간평균,9.779913654618472,11.809269862027532,-20.750246669618765
2002110,임하댐,기본변수,XGBoost,GradientBoosting,강우발생,498,최근6시간평균,11.112570281124498,11.809269862027532,-6.269472887711938
2002110,임하댐,기본변수,XGBoost,GradientBoosting,강우발생,498,최근3시간변화량반영,13.994949799196789,11.809269862027532,15.617633278646695
2002110,임하댐,기본변수,XGBoost,GradientBoosting,최근24시간누적강우,2143,현재방류량유지,10.202480167988801,11.619700976790527,-13.890944020145064
2002110,임하댐,기본변수,XGBoost,GradientBoosting,최근24시간누적강우,2143,최근3시간평균,10.918550629958002,11.619700976790527,-6.421643042151855
2002110,임하댐,기본변수,XGBoost,GradientBoosting,최근24시간누적강우,2143,최근6시간평균,11.483655000777727,11.619700976790527,-1.184692295297855
2002110,임하댐,기본변수,XGBoost,GradientBoosting,최근24시간누적강우,2143,최근3시간변화량반영,15.515719552029864,11.619700976790527,25.1101378970828
2002110,임하댐,기본변수,XGBoost,GradientBoosting,유입량급증,877,현재방류량유지,16.477939566704677,17.031527274837515,-3.359568748822318
2002110,임하댐,기본변수,XGBoost,GradientBoosting,유입량급증,877,최근3시간평균,17.543511972633983,17.031527274837515,2.91837061242418
2002110,임하댐,기본변수,XGBoost,GradientBoosting,유입량급증,877,최근6시간평균,17.813702774610416,17.031527274837515,4.390864210936106
2002110,임하댐,기본변수,XGBoost,GradientBoosting,유입량급증,877,최근3시간변화량반영,20.588802736602048,17.031527274837515,17.277718900286192
2002110,임하댐,기본변수,XGBoost,GradientBoosting,방류량변화,2246,현재방류량유지,38.264999554764024,19.853778351413492,48.115043558280455
2002110,임하댐,기본변수,XGBoost,GradientBoosting,방류량변화,2246,최근3시간평균,33.645118432769365,19.853778351413492,40.990612379368265
2002110,임하댐,기본변수,XGBoost,GradientBoosting,방류량변화,2246,최근6시간평균,28.819761947165333,19.853778351413492,31.110540094637113
2002110,임하댐,기본변수,XGBoost,GradientBoosting,방류량변화,2246,최근3시간변화량반영,54.593390917186106,19.853778351413492,63.63336657081786
2002110,임하댐,예측유입량포함,GradientBoosting,GradientBoosting,전체,8760,현재방류량유지,9.903031392694063,9.822088616546406,0.8173535247739595
2002110,임하댐,예측유입량포함,GradientBoosting,GradientBoosting,전체,8760,최근3시간평균,10.504437785388124,9.822088616546406,6.49581807977271
2002110,임하댐,예측유입량포함,GradientBoosting,GradientBoosting,전체,8760,최근6시간평균,10.947573249619483,9.822088616546406,10.280676889850419
2002110,임하댐,예측유입량포함,GradientBoosting,GradientBoosting,전체,8760,최근3시간변화량반영,15.342783904109586,9.822088616546406,35.98235706157899
2002110,임하댐,예측유입량포함,GradientBoosting,GradientBoosting,강우발생,498,현재방류량유지,9.072130522088354,11.686071003821807,-28.812862374159693
2002110,임하댐,예측유입량포함,GradientBoosting,GradientBoosting,강우발생,498,최근3시간평균,9.779913654618472,11.686071003821807,-19.490533521256296
2002110,임하댐,예측유입량포함,GradientBoosting,GradientBoosting,강우발생,498,최근6시간평균,11.112570281124498,11.686071003821807,-5.160828756884818
2002110,임하댐,예측유입량포함,GradientBoosting,GradientBoosting,강우발생,498,최근3시간변화량반영,13.994949799196789,11.686071003821807,16.49794267577505
2002110,임하댐,예측유입량포함,GradientBoosting,GradientBoosting,최근24시간누적강우,2143,현재방류량유지,10.202480167988801,12.152900415206371,-19.11711873096494
2002110,임하댐,예측유입량포함,GradientBoosting,GradientBoosting,최근24시간누적강우,2143,최근3시간평균,10.918550629958002,12.152900415206371,-11.305069940891205
2002110,임하댐,예측유입량포함,GradientBoosting,GradientBoosting,최근24시간누적강우,2143,최근6시간평균,11.483655000777727,12.152900415206371,-5.827808431926246
2002110,임하댐,예측유입량포함,GradientBoosting,GradientBoosting,최근24시간누적강우,2143,최근3시간변화량반영,15.515719552029864,12.152900415206371,21.67362670836331
2002110,임하댐,예측유입량포함,GradientBoosting,GradientBoosting,유입량급증,877,현재방류량유지,16.477939566704677,17.44925774399945,-5.894657965959641
2002110,임하댐,예측유입량포함,GradientBoosting,GradientBoosting,유입량급증,877,최근3시간평균,17.543511972633983,17.44925774399945,0.537259750394103
2002110,임하댐,예측유입량포함,GradientBoosting,GradientBoosting,유입량급증,877,최근6시간평균,17.813702774610416,17.44925774399945,2.045869043747624
2002110,임하댐,예측유입량포함,GradientBoosting,GradientBoosting,유입량급증,877,최근3시간변화량반영,20.588802736602048,17.44925774399945,15.248798255865678
2002110,임하댐,예측유입량포함,GradientBoosting,GradientBoosting,방류량변화,2246,현재방류량유지,38.264999554764024,19.30138895785952,49.558632738945164
2002110,임하댐,예측유입량포함,GradientBoosting,GradientBoosting,방류량변화,2246,최근3시간평균,33.645118432769365,19.30138895785952,42.632423790012496
2002110,임하댐,예측유입량포함,GradientBoosting,GradientBoosting,방류량변화,2246,최근6시간평균,28.819761947165333,19.30138895785952,33.02724362108073
2002110,임하댐,예측유입량포함,GradientBoosting,GradientBoosting,방류량변화,2246,최근3시간변화량반영,54.593390917186106,19.30138895785952,64.64519123360881
2002110,임하댐,예측유입량포함,RandomForest,GradientBoosting,전체,8760,현재방류량유지,9.903031392694063,10.47729006182053,-5.798817012234502
2002110,임하댐,예측유입량포함,RandomForest,GradientBoosting,전체,8760,최근3시간평균,10.504437785388124,10.47729006182053,0.2584405193522832
2002110,임하댐,예측유입량포함,RandomForest,GradientBoosting,전체,8760,최근6시간평균,10.947573249619483,10.47729006182053,4.295775667135177
2002110,임하댐,예측유입량포함,RandomForest,GradientBoosting,전체,8760,최근3시간변화량반영,15.342783904109586,10.47729006182053,31.711936195528555
2002110,임하댐,예측유입량포함,RandomForest,GradientBoosting,강우발생,498,현재방류량유지,9.072130522088354,12.739292387297665,-40.42227849655265
2002110,임하댐,예측유입량포함,RandomForest,GradientBoosting,강우발생,498,최근3시간평균,9.779913654618472,12.739292387297665,-30.259763400688662
2002110,임하댐,예측유입량포함,RandomForest,GradientBoosting,강우발생,498,최근6시간평균,11.112570281124498,12.739292387297665,-14.638576540085168
2002110,임하댐,예측유입량포함,RandomForest,GradientBoosting,강우발생,498,최근3시간변화량반영,13.994949799196789,12.739292387297665,8.972218049479462
2002110,임하댐,예측유입량포함,RandomForest,GradientBoosting,최근24시간누적강우,2143,현재방류량유지,10.202480167988801,12.37985159264741,-21.341589386179923
2002110,임하댐,예측유입량포함,RandomForest,GradientBoosting,최근24시간누적강우,2143,최근3시간평균,10.918550629958002,12.37985159264741,-13.38365330907505
2002110,임하댐,예측유입량포함,RandomForest,GradientBoosting,최근24시간누적강우,2143,최근6시간평균,11.483655000777727,12.37985159264741,-7.8041058513947785
2002110,임하댐,예측유입량포함,RandomForest,GradientBoosting,최근24시간누적강우,2143,최근3시간변화량반영,15.515719552029864,12.37985159264741,20.210909000170734
2002110,임하댐,예측유입량포함,RandomForest,GradientBoosting,유입량급증,877,현재방류량유지,16.477939566704677,17.64200210697841,-7.064369519996526
2002110,임하댐,예측유입량포함,RandomForest,GradientBoosting,유입량급증,877,최근3시간평균,17.543511972633983,17.64200210697841,-0.561404891438278
2002110,임하댐,예측유입량포함,RandomForest,GradientBoosting,유입량급증,877,최근6시간평균,17.813702774610416,17.64200210697841,0.9638684882332734
2002110,임하댐,예측유입량포함,RandomForest,GradientBoosting,유입량급증,877,최근3시간변화량반영,20.588802736602048,17.64200210697841,14.312637151964742
2002110,임하댐,예측유입량포함,RandomForest,GradientBoosting,방류량변화,2246,현재방류량유지,38.264999554764024,17.37293161516385,54.59837497110096
2002110,임하댐,예측유입량포함,RandomForest,GradientBoosting,방류량변화,2246,최근3시간평균,33.645118432769365,17.37293161516385,48.36418349996616
2002110,임하댐,예측유입량포함,RandomForest,GradientBoosting,방류량변화,2246,최근6시간평균,28.819761947165333,17.37293161516385,39.718684536627045
2002110,임하댐,예측유입량포함,RandomForest,GradientBoosting,방류량변화,2246,최근3시간변화량반영,54.593390917186106,17.37293161516385,68.17759196984626
2002110,임하댐,예측유입량포함,XGBoost,GradientBoosting,전체,8760,현재방류량유지,9.903031392694063,9.726680406014667,1.7807778213194176
2002110,임하댐,예측유입량포함,XGBoost,GradientBoosting,전체,8760,최근3시간평균,10.504437785388124,9.726680406014667,7.40408382879217
2002110,임하댐,예측유입량포함,XGBoost,GradientBoosting,전체,8760,최근6시간평균,10.947573249619483,9.726680406014667,11.15217789154552
2002110,임하댐,예측유입량포함,XGBoost,GradientBoosting,전체,8760,최근3시간변화량반영,15.342783904109586,9.726680406014667,36.604201253141795
2002110,임하댐,예측유입량포함,XGBoost,GradientBoosting,강우발생,498,현재방류량유지,9.072130522088354,11.785434723151258,-29.908125709354504
2002110,임하댐,예측유입량포함,XGBoost,GradientBoosting,강우발생,498,최근3시간평균,9.779913654618472,11.785434723151258,-20.50653144146828
2002110,임하댐,예측유입량포함,XGBoost,GradientBoosting,강우발생,498,최근6시간평균,11.112570281124498,11.785434723151258,-6.054984805537468
2002110,임하댐,예측유입량포함,XGBoost,GradientBoosting,강우발생,498,최근3시간변화량반영,13.994949799196789,11.785434723151258,15.787945707188896
2002110,임하댐,예측유입량포함,XGBoost,GradientBoosting,최근24시간누적강우,2143,현재방류량유지,10.202480167988801,11.62670407561882,-13.959585161445833
2002110,임하댐,예측유입량포함,XGBoost,GradientBoosting,최근24시간누적강우,2143,최근3시간평균,10.918550629958002,11.62670407561882,-6.485782496788603
2002110,임하댐,예측유입량포함,XGBoost,GradientBoosting,최근24시간누적강우,2143,최근6시간평균,11.483655000777727,11.62670407561882,-1.2456754825132321
2002110,임하댐,예측유입량포함,XGBoost,GradientBoosting,최근24시간누적강우,2143,최근3시간변화량반영,15.515719552029864,11.62670407561882,25.065002389156092
2002110,임하댐,예측유입량포함,XGBoost,GradientBoosting,유입량급증,877,현재방류량유지,16.477939566704677,17.03449704285712,-3.3775914391446227
2002110,임하댐,예측유입량포함,XGBoost,GradientBoosting,유입량급증,877,최근3시간평균,17.543511972633983,17.03449704285712,2.9014425992405246
2002110,임하댐,예측유입량포함,XGBoost,GradientBoosting,유입량급증,877,최근6시간평균,17.813702774610416,17.03449704285712,4.37419295478471
2002110,임하댐,예측유입량포함,XGBoost,GradientBoosting,유입량급증,877,최근3시간변화량반영,20.588802736602048,17.03449704285712,17.263294710314604
2002110,임하댐,예측유입량포함,XGBoost,GradientBoosting,방류량변화,2246,현재방류량유지,38.264999554764024,19.54985498927092,48.90930297466332
2002110,임하댐,예측유입량포함,XGBoost,GradientBoosting,방류량변화,2246,최근3시간평균,33.645118432769365,19.54985498927092,41.893933206577955
2002110,임하댐,예측유입량포함,XGBoost,GradientBoosting,방류량변화,2246,최근6시간평균,28.819761947165333,19.54985498927092,32.16510592588773
2002110,임하댐,예측유입량포함,XGBoost,GradientBoosting,방류량변화,2246,최근3시간변화량반영,54.593390917186106,19.54985498927092,64.1900701516663
2002111,성덕댐,기본변수,GradientBoosting,RandomForest,전체,8760,현재방류량유지,0.005974429223744293,0.06349826866674527,-962.8340597689707
2002111,성덕댐,기본변수,GradientBoosting,RandomForest,전체,8760,최근3시간평균,0.00731902587519026,0.06349826866674527,-767.5781415391513
2002111,성덕댐,기본변수,GradientBoosting,RandomForest,전체,8760,최근6시간평균,0.00901609589041096,0.06349826866674527,-604.2767672233682
2002111,성덕댐,기본변수,GradientBoosting,RandomForest,전체,8760,최근3시간변화량반영,0.010009018264840183,0.06349826866674527,-534.410558424125
2002111,성덕댐,기본변수,GradientBoosting,RandomForest,강우발생,502,현재방류량유지,0.008358565737051795,0.058992304641158025,-605.7706608641879
2002111,성덕댐,기본변수,GradientBoosting,RandomForest,강우발생,502,최근3시간평균,0.010905046480743695,0.058992304641158025,-440.96334889839835
2002111,성덕댐,기본변수,GradientBoosting,RandomForest,강우발생,502,최근6시간평균,0.013138778220451527,0.058992304641158025,-348.99383832609277
2002111,성덕댐,기본변수,GradientBoosting,RandomForest,강우발생,502,최근3시간변화량반영,0.017619521912350604,0.058992304641158025,-234.81217557785547
2002111,성덕댐,기본변수,GradientBoosting,RandomForest,최근24시간누적강우,2328,현재방류량유지,0.0057878006872852245,0.050550262213536395,-773.3932791532782
2002111,성덕댐,기본변수,GradientBoosting,RandomForest,최근24시간누적강우,2328,최근3시간평균,0.007097794959908364,0.050550262213536395,-612.1967103736823
2002111,성덕댐,기본변수,GradientBoosting,RandomForest,최근24시간누적강우,2328,최근6시간평균,0.008473868843069875,0.050550262213536395,-496.54289144299855
2002111,성덕댐,기본변수,GradientBoosting,RandomForest,최근24시간누적강우,2328,최근3시간변화량반영,0.010217783505154641,0.050550262213536395,-394.7282567499588
2002111,성덕댐,기본변수,GradientBoosting,RandomForest,유입량급증,949,현재방류량유지,0.0089072708113804,0.09051343317137618,-916.174708146646
2002111,성덕댐,기본변수,GradientBoosting,RandomForest,유입량급증,949,최근3시간평균,0.009481208289427468,0.09051343317137618,-854.6613723517503
2002111,성덕댐,기본변수,GradientBoosting,RandomForest,유입량급증,949,최근6시간평균,0.010769406392694062,0.09051343317137618,-740.4681731834381
2002111,성덕댐,기본변수,GradientBoosting,RandomForest,유입량급증,949,최근3시간변화량반영,0.013129610115911487,0.09051343317137618,-589.3840134802246
2002111,성덕댐,기본변수,RandomForest,RandomForest,전체,8760,현재방류량유지,0.005974429223744293,0.12520870397550193,-1995.7433636987864
2002111,성덕댐,기본변수,RandomForest,RandomForest,전체,8760,최근3시간평균,0.00731902587519026,0.12520870397550193,-1610.7290793974287
2002111,성덕댐,기본변수,RandomForest,RandomForest,전체,8760,최근6시간평균,0.00901609589041096,0.12520870397550193,-1288.7241828102922
2002111,성덕댐,기본변수,RandomForest,RandomForest,전체,8760,최근3시간변화량반영,0.010009018264840183,0.12520870397550193,-1150.9588918958893
2002111,성덕댐,기본변수,RandomForest,RandomForest,강우발생,502,현재방류량유지,0.008358565737051795,0.1017459475460352,-1117.265626027399
2002111,성덕댐,기본변수,RandomForest,RandomForest,강우발생,502,최근3시간평균,0.010905046480743695,0.1017459475460352,-833.0170919096936
2002111,성덕댐,기본변수,RandomForest,RandomForest,강우발생,502,최근6시간평균,0.013138778220451527,0.1017459475460352,-674.3942841478195
2002111,성덕댐,기본변수,RandomForest,RandomForest,강우발생,502,최근3시간변화량반영,0.017619521912350604,0.1017459475460352,-477.461454698809
2002111,성덕댐,기본변수,RandomForest,RandomForest,최근24시간누적강우,2328,현재방류량유지,0.0057878006872852245,0.09449322166777001,-1532.6274309230262
2002111,성덕댐,기본변수,RandomForest,RandomForest,최근24시간누적강우,2328,최근3시간평균,0.007097794959908364,0.09449322166777001,-1231.3039077841995
2002111,성덕댐,기본변수,RandomForest,RandomForest,최근24시간누적강우,2328,최근6시간평균,0.008473868843069875,0.09449322166777001,-1015.1131014382969
2002111,성덕댐,기본변수,RandomForest,RandomForest,최근24시간누적강우,2328,최근3시간변화량반영,0.010217783505154641,0.09449322166777001,-824.791777200019
2002111,성덕댐,기본변수,RandomForest,RandomForest,유입량급증,949,현재방류량유지,0.0089072708113804,0.19986765439431195,-2143.870862654703
2002111,성덕댐,기본변수,RandomForest,RandomForest,유입량급증,949,최근3시간평균,0.009481208289427468,0.19986765439431195,-2008.039906866988
2002111,성덕댐,기본변수,RandomForest,RandomForest,유입량급증,949,최근6시간평균,0.010769406392694062,0.19986765439431195,-1755.883668109151
2002111,성덕댐,기본변수,RandomForest,RandomForest,유입량급증,949,최근3시간변화량반영,0.013129610115911487,0.19986765439431195,-1422.266484913339
2002111,성덕댐,기본변수,XGBoost,RandomForest,전체,8760,현재방류량유지,0.005974429223744293,0.10260534147511331,-1617.4082683468218
2002111,성덕댐,기본변수,XGBoost,RandomForest,전체,8760,최근3시간평균,0.00731902587519026,0.10260534147511331,-1301.898875954528
2002111,성덕댐,기본변수,XGBoost,RandomForest,전체,8760,최근6시간평균,0.00901609589041096,0.10260534147511331,-1038.0240707537162
2002111,성덕댐,기본변수,XGBoost,RandomForest,전체,8760,최근3시간변화량반영,0.010009018264840183,0.10260534147511331,-925.1289263358302
2002111,성덕댐,기본변수,XGBoost,RandomForest,강우발생,502,현재방류량유지,0.008358565737051795,0.09920324629046524,-1086.8453202529442
2002111,성덕댐,기본변수,XGBoost,RandomForest,강우발생,502,최근3시간평균,0.010905046480743695,0.09920324629046524,-809.7003526361848
2002111,성덕댐,기본변수,XGBoost,RandomForest,강우발생,502,최근6시간평균,0.013138778220451527,0.09920324629046524,-655.0416380120315
2002111,성덕댐,기본변수,XGBoost,RandomForest,강우발생,502,최근3시간변화량반영,0.017619521912350604,0.09920324629046524,-463.03029550948037
2002111,성덕댐,기본변수,XGBoost,RandomForest,최근24시간누적강우,2328,현재방류량유지,0.0057878006872852245,0.1495476856062707,-2483.8430465444426
2002111,성덕댐,기본변수,XGBoost,RandomForest,최근24시간누적강우,2328,최근3시간평균,0.007097794959908364,0.1495476856062707,-2006.9597875253564
2002111,성덕댐,기본변수,XGBoost,RandomForest,최근24시간누적강우,2328,최근6시간평균,0.008473868843069875,0.1495476856062707,-1664.8100103481568
2002111,성덕댐,기본변수,XGBoost,RandomForest,최근24시간누적강우,2328,최근3시간변화량반영,0.010217783505154641,0.1495476856062707,-1363.6020182931775
2002111,성덕댐,기본변수,XGBoost,RandomForest,유입량급증,949,현재방류량유지,0.0089072708113804,0.13269318469859523,-1389.7176420083622
2002111,성덕댐,기본변수,XGBoost,RandomForest,유입량급증,949,최근3시간평균,0.009481208289427468,0.13269318469859523,-1299.538757592341
2002111,성덕댐,기본변수,XGBoost,RandomForest,유입량급증,949,최근6시간평균,0.010769406392694062,0.13269318469859523,-1132.130907313647
2002111,성덕댐,기본변수,XGBoost,RandomForest,유입량급증,949,최근3시간변화량반영,0.013129610115911487,0.13269318469859523,-910.6407084989314
2002111,성덕댐,예측유입량포함,GradientBoosting,RandomForest,전체,8760,현재방류량유지,0.005974429223744293,0.063960496737821,-970.5708335052583
2002111,성덕댐,예측유입량포함,GradientBoosting,RandomForest,전체,8760,최근3시간평균,0.00731902587519026,0.063960496737821,-773.8935731137626
2002111,성덕댐,예측유입량포함,GradientBoosting,RandomForest,전체,8760,최근6시간평균,0.00901609589041096,0.063960496737821,-609.4034659263772
2002111,성덕댐,예측유입량포함,GradientBoosting,RandomForest,전체,8760,최근3시간변화량반영,0.010009018264840183,0.063960496737821,-539.0286743955929
2002111,성덕댐,예측유입량포함,GradientBoosting,RandomForest,강우발생,502,현재방류량유지,0.008358565737051795,0.04329017673704479,-417.91393522393906
2002111,성덕댐,예측유입량포함,GradientBoosting,RandomForest,강우발생,502,최근3시간평균,0.010905046480743695,0.04329017673704479,-296.97379386220206
2002111,성덕댐,예측유입량포함,GradientBoosting,RandomForest,강우발생,502,최근6시간평균,0.013138778220451527,0.04329017673704479,-229.48403581133806
2002111,성덕댐,예측유입량포함,GradientBoosting,RandomForest,강우발생,502,최근3시간변화량반영,0.017619521912350604,0.04329017673704479,-145.69438916898224
2002111,성덕댐,예측유입량포함,GradientBoosting,RandomForest,최근24시간누적강우,2328,현재방류량유지,0.0057878006872852245,0.05158094279465377,-791.2010896983372
2002111,성덕댐,예측유입량포함,GradientBoosting,RandomForest,최근24시간누적강우,2328,최근3시간평균,0.007097794959908364,0.05158094279465377,-626.7178480923561
2002111,성덕댐,예측유입량포함,GradientBoosting,RandomForest,최근24시간누적강우,2328,최근6시간평균,0.008473868843069875,0.05158094279465377,-508.7059376289244
2002111,성덕댐,예측유입량포함,GradientBoosting,RandomForest,최근24시간누적강우,2328,최근3시간변화량반영,0.010217783505154641,0.05158094279465377,-404.81538162001914
2002111,성덕댐,예측유입량포함,GradientBoosting,RandomForest,유입량급증,949,현재방류량유지,0.0089072708113804,0.0927467451576109,-941.247618059538
2002111,성덕댐,예측유입량포함,GradientBoosting,RandomForest,유입량급증,949,최근3시간평균,0.009481208289427468,0.0927467451576109,-878.2165134061356
2002111,성덕댐,예측유입량포함,GradientBoosting,RandomForest,유입량급증,949,최근6시간평균,0.010769406392694062,0.0927467451576109,-761.2057320125839
2002111,성덕댐,예측유입량포함,GradientBoosting,RandomForest,유입량급증,949,최근3시간변화량반영,0.013129610115911487,0.0927467451576109,-606.3937492341311
2002111,성덕댐,예측유입량포함,RandomForest,RandomForest,전체,8760,현재방류량유지,0.005974429223744293,0.10124995220741335,-1594.721761955329
2002111,성덕댐,예측유입량포함,RandomForest,RandomForest,전체,8760,최근3시간평균,0.00731902587519026,0.10124995220741335,-1283.3801647105302
2002111,성덕댐,예측유입량포함,RandomForest,RandomForest,전체,8760,최근6시간평균,0.00901609589041096,0.10124995220741335,-1022.9910754952975
2002111,성덕댐,예측유입량포함,RandomForest,RandomForest,전체,8760,최근3시간변화량반영,0.010009018264840183,0.10124995220741335,-911.5872459048815
2002111,성덕댐,예측유입량포함,RandomForest,RandomForest,강우발생,502,현재방류량유지,0.008358565737051795,0.07830016105419592,-836.7655111822293
2002111,성덕댐,예측유입량포함,RandomForest,RandomForest,강우발생,502,최근3시간평균,0.010905046480743695,0.07830016105419592,-618.0176736748404
2002111,성덕댐,예측유입량포함,RandomForest,RandomForest,강우발생,502,최근6시간평균,0.013138778220451527,0.07830016105419592,-495.9470488078995
2002111,성덕댐,예측유입량포함,RandomForest,RandomForest,강우발생,502,최근3시간변화량반영,0.017619521912350604,0.07830016105419592,-344.3943566897268
2002111,성덕댐,예측유입량포함,RandomForest,RandomForest,최근24시간누적강우,2328,현재방류량유지,0.0057878006872852245,0.08333433966134096,-1339.8273915066181
2002111,성덕댐,예측유입량포함,RandomForest,RandomForest,최근24시간누적강우,2328,최근3시간평균,0.007097794959908364,0.08333433966134096,-1074.087729105334
2002111,성덕댐,예측유입량포함,RandomForest,RandomForest,최근24시간누적강우,2328,최근6시간평균,0.008473868843069875,0.08333433966134096,-883.4273010903834
2002111,성덕댐,예측유입량포함,RandomForest,RandomForest,최근24시간누적강우,2328,최근3시간변화량반영,0.010217783505154641,0.08333433966134096,-715.5813794576941
2002111,성덕댐,예측유입량포함,RandomForest,RandomForest,유입량급증,949,현재방류량유지,0.0089072708113804,0.15617604890163111,-1653.35467180466
2002111,성덕댐,예측유입량포함,RandomForest,RandomForest,유입량급증,949,최근3시간평균,0.009481208289427468,0.15617604890163111,-1547.2167273846692
2002111,성덕댐,예측유입량포함,RandomForest,RandomForest,유입량급증,949,최근6시간평균,0.010769406392694062,0.15617604890163111,-1350.1825189509104
2002111,성덕댐,예측유입량포함,RandomForest,RandomForest,유입량급증,949,최근3시간변화량반영,0.013129610115911487,0.15617604890163111,-1089.4949470918773
2002111,성덕댐,예측유입량포함,XGBoost,RandomForest,전체,8760,현재방류량유지,0.005974429223744293,0.08687834659343982,-1354.1698184013542
2002111,성덕댐,예측유입량포함,XGBoost,RandomForest,전체,8760,최근3시간평균,0.00731902587519026,0.08687834659343982,-1087.0206237135537
2002111,성덕댐,예측유입량포함,XGBoost,RandomForest,전체,8760,최근6시간평균,0.00901609589041096,0.08687834659343982,-863.5916437605662
2002111,성덕댐,예측유입량포함,XGBoost,RandomForest,전체,8760,최근3시간변화량반영,0.010009018264840183,0.08687834659343982,-768.0006799330887
2002111,성덕댐,예측유입량포함,XGBoost,RandomForest,강우발생,502,현재방류량유지,0.008358565737051795,0.09742988229890268,-1065.6291924225247
2002111,성덕댐,예측유입량포함,XGBoost,RandomForest,강우발생,502,최근3시간평균,0.010905046480743695,0.09742988229890268,-793.4384871347951
2002111,성덕댐,예측유입량포함,XGBoost,RandomForest,강우발생,502,최근6시간평균,0.013138778220451527,0.09742988229890268,-641.5444622335242
2002111,성덕댐,예측유입량포함,XGBoost,RandomForest,강우발생,502,최근3시간변화량반영,0.017619521912350604,0.09742988229890268,-452.9655275754564
2002111,성덕댐,예측유입량포함,XGBoost,RandomForest,최근24시간누적강우,2328,현재방류량유지,0.0057878006872852245,0.13074106680988445,-2158.9075518287887
2002111,성덕댐,예측유입량포함,XGBoost,RandomForest,최근24시간누적강우,2328,최근3시간평균,0.007097794959908364,0.13074106680988445,-1741.995542959054
2002111,성덕댐,예측유입량포함,XGBoost,RandomForest,최근24시간누적강우,2328,최근6시간평균,0.008473868843069875,0.13074106680988445,-1442.8733820539069
2002111,성덕댐,예측유입량포함,XGBoost,RandomForest,최근24시간누적강우,2328,최근3시간변화량반영,0.010217783505154641,0.13074106680988445,-1179.544303751675
2002111,성덕댐,예측유입량포함,XGBoost,RandomForest,유입량급증,949,현재방류량유지,0.0089072708113804,0.1318899589853618,-1380.700000912201
2002111,성덕댐,예측유입량포함,XGBoost,RandomForest,유입량급증,949,최근3시간평균,0.009481208289427468,0.1318899589853618,-1291.0669922992072
2002111,성덕댐,예측유입량포함,XGBoost,RandomForest,유입량급증,949,최근6시간평균,0.010769406392694062,0.1318899589853618,-1124.6725044644577
2002111,성덕댐,예측유입량포함,XGBoost,RandomForest,유입량급증,949,최근3시간변화량반영,0.013129610115911487,0.1318899589853618,-904.5230423523943
2004101,영주댐,기본변수,GradientBoosting,XGBoost,전체,8760,현재방류량유지,0.1070208904109589,0.31811772425856605,-197.24825035280298
2004101,영주댐,기본변수,GradientBoosting,XGBoost,전체,8760,최근3시간평균,0.13370273972602825,0.31811772425856605,-137.9290992169828
2004101,영주댐,기본변수,GradientBoosting,XGBoost,전체,8760,최근6시간평균,0.16267880517503805,0.31811772425856605,-95.54958245253884
2004101,영주댐,기본변수,GradientBoosting,XGBoost,전체,8760,최근3시간변화량반영,0.1694244292237443,0.31811772425856605,-87.76378690847191
2004101,영주댐,기본변수,GradientBoosting,XGBoost,강우발생,539,현재방류량유지,0.0717977736549165,0.5388197767178775,-650.4686416985865
2004101,영주댐,기본변수,GradientBoosting,XGBoost,강우발생,539,최근3시간평균,0.09050958565244316,0.5388197767178775,-495.3179133831699
2004101,영주댐,기본변수,GradientBoosting,XGBoost,강우발생,539,최근6시간평균,0.10503679653679655,0.5388197767178775,-412.9819210824064
2004101,영주댐,기본변수,GradientBoosting,XGBoost,강우발생,539,최근3시간변화량반영,0.08620408163265307,0.5388197767178775,-525.051350832765
2004101,영주댐,기본변수,GradientBoosting,XGBoost,최근24시간누적강우,2130,현재방류량유지,0.13957887323943663,0.44849070077342496,-221.3170377182185
2004101,영주댐,기본변수,GradientBoosting,XGBoost,최근24시간누적강우,2130,최근3시간평균,0.1698184663536778,0.44849070077342496,-164.1000772197304
2004101,영주댐,기본변수,GradientBoosting,XGBoost,최근24시간누적강우,2130,최근6시간평균,0.20353403755868546,0.44849070077342496,-120.35169456318113
2004101,영주댐,기본변수,GradientBoosting,XGBoost,최근24시간누적강우,2130,최근3시간변화량반영,0.20523098591549294,0.44849070077342496,-118.52972092532752
2004101,영주댐,기본변수,GradientBoosting,XGBoost,유입량급증,876,현재방류량유지,0.1574885844748858,0.4498246006211702,-185.62362289369756
2004101,영주댐,기본변수,GradientBoosting,XGBoost,유입량급증,876,최근3시간평균,0.1818679604261803,0.4498246006211702,-147.33581416268905
2004101,영주댐,기본변수,GradientBoosting,XGBoost,유입량급증,876,최근6시간평균,0.21390125570776256,0.4498246006211702,-110.29544643521506
2004101,영주댐,기본변수,GradientBoosting,XGBoost,유입량급증,876,최근3시간변화량반영,0.2626689497716895,0.4498246006211702,-71.2515320185943
2004101,영주댐,기본변수,GradientBoosting,XGBoost,방류량변화,47,현재방류량유지,8.772659574468086,7.14665225236398,18.534941522596316
2004101,영주댐,기본변수,GradientBoosting,XGBoost,방류량변화,47,최근3시간평균,8.890418439716312,7.14665225236398,19.613994540036234
2004101,영주댐,기본변수,GradientBoosting,XGBoost,방류량변화,47,최근6시간평균,8.296290780141845,7.14665225236398,13.857259325211471
2004101,영주댐,기본변수,GradientBoosting,XGBoost,방류량변화,47,최근3시간변화량반영,8.379808510638297,7.14665225236398,14.715804743137099
2004101,영주댐,기본변수,RandomForest,XGBoost,전체,8760,현재방류량유지,0.1070208904109589,1.206388746928433,-1027.2460379426066
2004101,영주댐,기본변수,RandomForest,XGBoost,전체,8760,최근3시간평균,0.13370273972602825,1.206388746928433,-802.2917177317812
2004101,영주댐,기본변수,RandomForest,XGBoost,전체,8760,최근6시간평균,0.16267880517503805,1.206388746928433,-641.5770884414787
2004101,영주댐,기본변수,RandomForest,XGBoost,전체,8760,최근3시간변화량반영,0.1694244292237443,1.206388746928433,-612.051238688406
2004101,영주댐,기본변수,RandomForest,XGBoost,강우발생,539,현재방류량유지,0.0717977736549165,1.4452864343702059,-1912.9961707680845
2004101,영주댐,기본변수,RandomForest,XGBoost,강우발생,539,최근3시간평균,0.09050958565244316,1.4452864343702059,-1496.8324503441063
2004101,영주댐,기본변수,RandomForest,XGBoost,강우발생,539,최근6시간평균,0.10503679653679655,1.4452864343702059,-1275.9810676098564
2004101,영주댐,기본변수,RandomForest,XGBoost,강우발생,539,최근3시간변화량반영,0.08620408163265307,1.4452864343702059,-1576.5870095677103
2004101,영주댐,기본변수,RandomForest,XGBoost,최근24시간누적강우,2130,현재방류량유지,0.13957887323943663,1.355470774454471,-871.1145698455861
2004101,영주댐,기본변수,RandomForest,XGBoost,최근24시간누적강우,2130,최근3시간평균,0.1698184663536778,1.355470774454471,-698.188090823678
2004101,영주댐,기본변수,RandomForest,XGBoost,최근24시간누적강우,2130,최근6시간평균,0.20353403755868546,1.355470774454471,-565.9676144161612
2004101,영주댐,기본변수,RandomForest,XGBoost,최근24시간누적강우,2130,최근3시간변화량반영,0.20523098591549294,1.355470774454471,-560.4610743392361
2004101,영주댐,기본변수,RandomForest,XGBoost,유입량급증,876,현재방류량유지,0.1574885844748858,1.3024969181533204,-727.04211387526
2004101,영주댐,기본변수,RandomForest,XGBoost,유입량급증,876,최근3시간평균,0.1818679604261803,1.3024969181533204,-616.1772283040476
2004101,영주댐,기본변수,RandomForest,XGBoost,유입량급증,876,최근6시간평균,0.21390125570776256,1.3024969181533204,-508.92439076319647
2004101,영주댐,기본변수,RandomForest,XGBoost,유입량급증,876,최근3시간변화량반영,0.2626689497716895,1.3024969181533204,-395.8701511105306
2004101,영주댐,기본변수,RandomForest,XGBoost,방류량변화,47,현재방류량유지,8.772659574468086,5.807774773725094,33.796875116093425
2004101,영주댐,기본변수,RandomForest,XGBoost,방류량변화,47,최근3시간평균,8.890418439716312,5.807774773725094,34.67377477105097
2004101,영주댐,기본변수,RandomForest,XGBoost,방류량변화,47,최근6시간평균,8.296290780141845,5.807774773725094,29.995525378320988
2004101,영주댐,기본변수,RandomForest,XGBoost,방류량변화,47,최근3시간변화량반영,8.379808510638297,5.807774773725094,30.693228057036936
2004101,영주댐,기본변수,XGBoost,XGBoost,전체,8760,현재방류량유지,0.1070208904109589,0.37508866470066926,-250.48172675477974
2004101,영주댐,기본변수,XGBoost,XGBoost,전체,8760,최근3시간평균,0.13370273972602825,0.37508866470066926,-180.53925107987132
2004101,영주댐,기본변수,XGBoost,XGBoost,전체,8760,최근6시간평균,0.16267880517503805,0.37508866470066926,-130.57008827737815
2004101,영주댐,기본변수,XGBoost,XGBoost,전체,8760,최근3시간변화량반영,0.1694244292237443,0.37508866470066926,-121.38995327841529
2004101,영주댐,기본변수,XGBoost,XGBoost,강우발생,539,현재방류량유지,0.0717977736549165,0.6549601369355296,-812.229033846483
2004101,영주댐,기본변수,XGBoost,XGBoost,강우발생,539,최근3시간평균,0.09050958565244316,0.6549601369355296,-623.6362118047658
2004101,영주댐,기본변수,XGBoost,XGBoost,강우발생,539,최근6시간평균,0.10503679653679655,0.6549601369355296,-523.5530390591107
2004101,영주댐,기본변수,XGBoost,XGBoost,강우발생,539,최근3시간변화량반영,0.08620408163265307,0.6549601369355296,-659.7785679413103
2004101,영주댐,기본변수,XGBoost,XGBoost,최근24시간누적강우,2130,현재방류량유지,0.13957887323943663,0.5551331539118234,-297.72004245910193
2004101,영주댐,기본변수,XGBoost,XGBoost,최근24시간누적강우,2130,최근3시간평균,0.1698184663536778,0.5551331539118234,-226.89799044331122
2004101,영주댐,기본변수,XGBoost,XGBoost,최근24시간누적강우,2130,최근6시간평균,0.20353403755868546,0.5551331539118234,-172.74708474829941
2004101,영주댐,기본변수,XGBoost,XGBoost,최근24시간누적강우,2130,최근3시간변화량반영,0.20523098591549294,0.5551331539118234,-170.4918808607235
2004101,영주댐,기본변수,XGBoost,XGBoost,유입량급증,876,현재방류량유지,0.1574885844748858,0.5503972194951418,-249.48388248604255
2004101,영주댐,기본변수,XGBoost,XGBoost,유입량급증,876,최근3시간평균,0.1818679604261803,0.5503972194951418,-202.63561443443274
2004101,영주댐,기본변수,XGBoost,XGBoost,유입량급증,876,최근6시간평균,0.21390125570776256,0.5503972194951418,-157.31369256060316
2004101,영주댐,기본변수,XGBoost,XGBoost,유입량급증,876,최근3시간변화량반영,0.2626689497716895,0.5503972194951418,-109.54026731120837
2004101,영주댐,기본변수,XGBoost,XGBoost,방류량변화,47,현재방류량유지,8.772659574468086,7.981047131355774,9.023631162164532
2004101,영주댐,기본변수,XGBoost,XGBoost,방류량변화,47,최근3시간평균,8.890418439716312,7.981047131355774,10.228667126601025
2004101,영주댐,기본변수,XGBoost,XGBoost,방류량변화,47,최근6시간평균,8.296290780141845,7.981047131355774,3.7998143645187157
2004101,영주댐,기본변수,XGBoost,XGBoost,방류량변화,47,최근3시간변화량반영,8.379808510638297,7.981047131355774,4.75859775048904
2004101,영주댐,예측유입량포함,GradientBoosting,XGBoost,전체,8760,현재방류량유지,0.1070208904109589,0.31469489546002893,-194.0499693579491
2004101,영주댐,예측유입량포함,GradientBoosting,XGBoost,전체,8760,최근3시간평균,0.13370273972602825,0.31469489546002893,-135.369070300933
2004101,영주댐,예측유입량포함,GradientBoosting,XGBoost,전체,8760,최근6시간평균,0.16267880517503805,0.31469489546002893,-93.44554142835364
2004101,영주댐,예측유입량포함,GradientBoosting,XGBoost,전체,8760,최근3시간변화량반영,0.1694244292237443,0.31469489546002893,-85.74351815843417
2004101,영주댐,예측유입량포함,GradientBoosting,XGBoost,강우발생,539,현재방류량유지,0.0717977736549165,0.44180291537187866,-515.3434749875775
2004101,영주댐,예측유입량포함,GradientBoosting,XGBoost,강우발생,539,최근3시간평균,0.09050958565244316,0.44180291537187866,-388.12831501450245
2004101,영주댐,예측유입량포함,GradientBoosting,XGBoost,강우발생,539,최근6시간평균,0.10503679653679655,0.44180291537187866,-320.6172788381889
2004101,영주댐,예측유입량포함,GradientBoosting,XGBoost,강우발생,539,최근3시간변화량반영,0.08620408163265307,0.44180291537187866,-412.5081167902947
2004101,영주댐,예측유입량포함,GradientBoosting,XGBoost,최근24시간누적강우,2130,현재방류량유지,0.13957887323943663,0.41909650201275717,-200.25783435995356
2004101,영주댐,예측유입량포함,GradientBoosting,XGBoost,최근24시간누적강우,2130,최근3시간평균,0.1698184663536778,0.41909650201275717,-146.7908885361811
2004101,영주댐,예측유입량포함,GradientBoosting,XGBoost,최근24시간누적강우,2130,최근6시간평균,0.20353403755868546,0.41909650201275717,-105.90978641197448
2004101,영주댐,예측유입량포함,GradientBoosting,XGBoost,최근24시간누적강우,2130,최근3시간변화량반영,0.20523098591549294,0.41909650201275717,-104.20722540665798
2004101,영주댐,예측유입량포함,GradientBoosting,XGBoost,유입량급증,876,현재방류량유지,0.1574885844748858,0.41078863314932107,-160.83708512525754
2004101,영주댐,예측유입량포함,GradientBoosting,XGBoost,유입량급증,876,최근3시간평균,0.1818679604261803,0.41078863314932107,-125.87190849157788
2004101,영주댐,예측유입량포함,GradientBoosting,XGBoost,유입량급증,876,최근6시간평균,0.21390125570776256,0.41078863314932107,-92.04591940804274
2004101,영주댐,예측유입량포함,GradientBoosting,XGBoost,유입량급증,876,최근3시간변화량반영,0.2626689497716895,0.41078863314932107,-56.39025225721445
2004101,영주댐,예측유입량포함,GradientBoosting,XGBoost,방류량변화,47,현재방류량유지,8.772659574468086,7.1661733459897325,18.31241956719562
2004101,영주댐,예측유입량포함,GradientBoosting,XGBoost,방류량변화,47,최근3시간평균,8.890418439716312,7.1661733459897325,19.39442001991527
2004101,영주댐,예측유입량포함,GradientBoosting,XGBoost,방류량변화,47,최근6시간평균,8.296290780141845,7.1661733459897325,13.621960272380793
2004101,영주댐,예측유입량포함,GradientBoosting,XGBoost,방류량변화,47,최근3시간변화량반영,8.379808510638297,7.1661733459897325,14.482850808677018
2004101,영주댐,예측유입량포함,RandomForest,XGBoost,전체,8760,현재방류량유지,0.1070208904109589,1.2311975541235083,-1050.427313205604
2004101,영주댐,예측유입량포함,RandomForest,XGBoost,전체,8760,최근3시간평균,0.13370273972602825,1.2311975541235083,-820.8469150642452
2004101,영주댐,예측유입량포함,RandomForest,XGBoost,전체,8760,최근6시간평균,0.16267880517503805,1.2311975541235083,-656.8272663416556
2004101,영주댐,예측유입량포함,RandomForest,XGBoost,전체,8760,최근3시간변화량반영,0.1694244292237443,1.2311975541235083,-626.6942316196747
2004101,영주댐,예측유입량포함,RandomForest,XGBoost,강우발생,539,현재방류량유지,0.0717977736549165,1.4410965580265949,-1907.1605074455017
2004101,영주댐,예측유입량포함,RandomForest,XGBoost,강우발생,539,최근3시간평균,0.09050958565244316,1.4410965580265949,-1492.203243046992
2004101,영주댐,예측유입량포함,RandomForest,XGBoost,강우발생,539,최근6시간평균,0.10503679653679655,1.4410965580265949,-1271.9921070914886
2004101,영주댐,예측유입량포함,RandomForest,XGBoost,강우발생,539,최근3시간변화량반영,0.08620408163265307,1.4410965580265949,-1571.7265943016844
2004101,영주댐,예측유입량포함,RandomForest,XGBoost,최근24시간누적강우,2130,현재방류량유지,0.13957887323943663,1.359666686880881,-874.1206927129145
2004101,영주댐,예측유입량포함,RandomForest,XGBoost,최근24시간누적강우,2130,최근3시간평균,0.1698184663536778,1.359666686880881,-700.6589130590357
2004101,영주댐,예측유입량포함,RandomForest,XGBoost,최근24시간누적강우,2130,최근6시간평균,0.20353403755868546,1.359666686880881,-568.02914303159
2004101,영주댐,예측유입량포함,RandomForest,XGBoost,최근24시간누적강우,2130,최근3시간변화량반영,0.20523098591549294,1.359666686880881,-562.5055572459927
2004101,영주댐,예측유입량포함,RandomForest,XGBoost,유입량급증,876,현재방류량유지,0.1574885844748858,1.357067591759901,-761.6926720655796
2004101,영주댐,예측유입량포함,RandomForest,XGBoost,유입량급증,876,최근3시간평균,0.1818679604261803,1.357067591759901,-646.1828837689808
2004101,영주댐,예측유입량포함,RandomForest,XGBoost,유입량급증,876,최근6시간평균,0.21390125570776256,1.357067591759901,-534.4364773687734
2004101,영주댐,예측유입량포함,RandomForest,XGBoost,유입량급증,876,최근3시간변화량반영,0.2626689497716895,1.357067591759901,-416.645607689625
2004101,영주댐,예측유입량포함,RandomForest,XGBoost,방류량변화,47,현재방류량유지,8.772659574468086,5.798045388720027,33.90778087873562
2004101,영주댐,예측유입량포함,RandomForest,XGBoost,방류량변화,47,최근3시간평균,8.890418439716312,5.798045388720027,34.78321152108742
2004101,영주댐,예측유입량포함,RandomForest,XGBoost,방류량변화,47,최근6시간평균,8.296290780141845,5.798045388720027,30.11279929341031
2004101,영주댐,예측유입량포함,RandomForest,XGBoost,방류량변화,47,최근3시간변화량반영,8.379808510638297,5.798045388720027,30.809333156487785
2004101,영주댐,예측유입량포함,XGBoost,XGBoost,전체,8760,현재방류량유지,0.1070208904109589,0.3786225931679822,-253.7838189479419
2004101,영주댐,예측유입량포함,XGBoost,XGBoost,전체,8760,최근3시간평균,0.13370273972602825,0.3786225931679822,-183.182374530112
2004101,영주댐,예측유입량포함,XGBoost,XGBoost,전체,8760,최근6시간평균,0.16267880517503805,0.3786225931679822,-132.74242318204537
2004101,영주댐,예측유입량포함,XGBoost,XGBoost,전체,8760,최근3시간변화량반영,0.1694244292237443,0.3786225931679822,-123.47579679195368
2004101,영주댐,예측유입량포함,XGBoost,XGBoost,강우발생,539,현재방류량유지,0.0717977736549165,0.6518582656626799,-807.908744908614
2004101,영주댐,예측유입량포함,XGBoost,XGBoost,강우발생,539,최근3시간평균,0.09050958565244316,0.6518582656626799,-620.2090927316979
2004101,영주댐,예측유입량포함,XGBoost,XGBoost,강우발생,539,최근6시간평균,0.10503679653679655,0.6518582656626799,-520.5999108458344
2004101,영주댐,예측유입량포함,XGBoost,XGBoost,강우발생,539,최근3시간변화량반영,0.08620408163265307,0.6518582656626799,-656.1802797696807
2004101,영주댐,예측유입량포함,XGBoost,XGBoost,최근24시간누적강우,2130,현재방류량유지,0.13957887323943663,0.5623628740453943,-302.899708955742
2004101,영주댐,예측유입량포함,XGBoost,XGBoost,최근24시간누적강우,2130,최근3시간평균,0.1698184663536778,0.5623628740453943,-231.1553131531476
2004101,영주댐,예측유입량포함,XGBoost,XGBoost,최근24시간누적강우,2130,최근6시간평균,0.20353403755868546,0.5623628740453943,-176.29917864880306
2004101,영주댐,예측유입량포함,XGBoost,XGBoost,최근24시간누적강우,2130,최근3시간변화량반영,0.20523098591549294,0.5623628740453943,-174.01460434291144
2004101,영주댐,예측유입량포함,XGBoost,XGBoost,유입량급증,876,현재방류량유지,0.1574885844748858,0.5726962017191055,-263.6429926833405
2004101,영주댐,예측유입량포함,XGBoost,XGBoost,유입량급증,876,최근3시간평균,0.1818679604261803,0.5726962017191055,-214.896697789472
2004101,영주댐,예측유입량포함,XGBoost,XGBoost,유입량급증,876,최근6시간평균,0.21390125570776256,0.5726962017191055,-167.73858798731783
2004101,영주댐,예측유입량포함,XGBoost,XGBoost,유입량급증,876,최근3시간변화량반영,0.2626689497716895,0.5726962017191055,-118.02965375880558
2004101,영주댐,예측유입량포함,XGBoost,XGBoost,방류량변화,47,현재방류량유지,8.772659574468086,8.035446246329775,8.403532838364029
2004101,영주댐,예측유입량포함,XGBoost,XGBoost,방류량변화,47,최근3시간평균,8.890418439716312,8.035446246329775,9.616782372887037
2004101,영주댐,예측유입량포함,XGBoost,XGBoost,방류량변화,47,최근6시간평균,8.296290780141845,8.035446246329775,3.1441103105550843
2004101,영주댐,예측유입량포함,XGBoost,XGBoost,방류량변화,47,최근3시간변화량반영,8.379808510638297,8.035446246329775,4.109428799850842
2008101,군위댐,기본변수,GradientBoosting,RandomForest,전체,8760,현재방류량유지,0.016984703196347033,0.061497088444054375,-262.073377044827
2008101,군위댐,기본변수,GradientBoosting,RandomForest,전체,8760,최근3시간평균,0.01991282343987826,0.061497088444054375,-208.83158598643382
2008101,군위댐,기본변수,GradientBoosting,RandomForest,전체,8760,최근6시간평균,0.023232191780821924,0.061497088444054375,-164.70635669777812
2008101,군위댐,기본변수,GradientBoosting,RandomForest,전체,8760,최근3시간변화량반영,0.027892009132420098,0.061497088444054375,-120.4828205529792
2008101,군위댐,기본변수,GradientBoosting,RandomForest,강우발생,492,현재방류량유지,0.022447154471544717,0.06309138227944575,-181.0662810710549
2008101,군위댐,기본변수,GradientBoosting,RandomForest,강우발생,492,최근3시간평균,0.02277981029810304,0.06309138227944575,-176.96184232359303
2008101,군위댐,기본변수,GradientBoosting,RandomForest,강우발생,492,최근6시간평균,0.023946138211382122,0.06309138227944575,-163.47205433507867
2008101,군위댐,기본변수,GradientBoosting,RandomForest,강우발생,492,최근3시간변화량반영,0.027947154471544715,0.06309138227944575,-125.75243695627132
2008101,군위댐,기본변수,GradientBoosting,RandomForest,최근24시간누적강우,2317,현재방류량유지,0.0215446698316789,0.06337948462790764,-194.1770986655622
2008101,군위댐,기본변수,GradientBoosting,RandomForest,최근24시간누적강우,2317,최근3시간평균,0.024695727233491643,0.06337948462790764,-156.64149927099206
2008101,군위댐,기본변수,GradientBoosting,RandomForest,최근24시간누적강우,2317,최근6시간평균,0.028964033951949374,0.06337948462790764,-118.82133107927115
2008101,군위댐,기본변수,GradientBoosting,RandomForest,최근24시간누적강우,2317,최근3시간변화량반영,0.03354294346137247,0.06337948462790764,-88.95027713025387
2008101,군위댐,기본변수,GradientBoosting,RandomForest,유입량급증,877,현재방류량유지,0.03206271379703535,0.07878092089635676,-145.70883611118774
2008101,군위댐,기본변수,GradientBoosting,RandomForest,유입량급증,877,최근3시간평균,0.0352417331812999,0.07878092089635676,-123.54439973502716
2008101,군위댐,기본변수,GradientBoosting,RandomForest,유입량급증,877,최근6시간평균,0.03756404408969974,0.07878092089635676,-109.72427970810233
2008101,군위댐,기본변수,GradientBoosting,RandomForest,유입량급증,877,최근3시간변화량반영,0.04555074116305588,0.07878092089635676,-72.95200667393829
2008101,군위댐,기본변수,RandomForest,RandomForest,전체,8760,현재방류량유지,0.016984703196347033,0.07892694584766455,-364.6942895336533
2008101,군위댐,기본변수,RandomForest,RandomForest,전체,8760,최근3시간평균,0.01991282343987826,0.07892694584766455,-296.3624047888765
2008101,군위댐,기본변수,RandomForest,RandomForest,전체,8760,최근6시간평균,0.023232191780821924,0.07892694584766455,-239.73095002090338
2008101,군위댐,기본변수,RandomForest,RandomForest,전체,8760,최근3시간변화량반영,0.027892009132420098,0.07892694584766455,-182.9733257039713
2008101,군위댐,기본변수,RandomForest,RandomForest,강우발생,492,현재방류량유지,0.022447154471544717,0.058872536359530284,-162.27171214133372
2008101,군위댐,기본변수,RandomForest,RandomForest,강우발생,492,최근3시간평균,0.02277981029810304,0.058872536359530284,-158.44173234591344
2008101,군위댐,기본변수,RandomForest,RandomForest,강우발생,492,최근6시간평균,0.023946138211382122,0.058872536359530284,-145.85399048413942
2008101,군위댐,기본변수,RandomForest,RandomForest,강우발생,492,최근3시간변화량반영,0.027947154471544715,0.058872536359530284,-110.65663919191928
2008101,군위댐,기본변수,RandomForest,RandomForest,최근24시간누적강우,2317,현재방류량유지,0.0215446698316789,0.0728341570670015,-238.0611428999829
2008101,군위댐,기본변수,RandomForest,RandomForest,최근24시간누적강우,2317,최근3시간평균,0.024695727233491643,0.0728341570670015,-194.92614806753247
2008101,군위댐,기본변수,RandomForest,RandomForest,최근24시간누적강우,2317,최근6시간평균,0.028964033951949374,0.0728341570670015,-151.46413371780875
2008101,군위댐,기본변수,RandomForest,RandomForest,최근24시간누적강우,2317,최근3시간변화량반영,0.03354294346137247,0.0728341570670015,-117.13704747132935
2008101,군위댐,기본변수,RandomForest,RandomForest,유입량급증,877,현재방류량유지,0.03206271379703535,0.10238047958819343,-219.3132067244413
2008101,군위댐,기본변수,RandomForest,RandomForest,유입량급증,877,최근3시간평균,0.0352417331812999,0.10238047958819343,-190.50920697203094
2008101,군위댐,기본변수,RandomForest,RandomForest,유입량급증,877,최근6시간평균,0.03756404408969974,0.10238047958819343,-172.54914125784106
2008101,군위댐,기본변수,RandomForest,RandomForest,유입량급증,877,최근3시간변화량반영,0.04555074116305588,0.10238047958819343,-124.76139130581163
2008101,군위댐,기본변수,XGBoost,RandomForest,전체,8760,현재방류량유지,0.016984703196347033,0.04422161779232222,-160.36143982682688
2008101,군위댐,기본변수,XGBoost,RandomForest,전체,8760,최근3시간평균,0.01991282343987826,0.04422161779232222,-122.07608040034215
2008101,군위댐,기본변수,XGBoost,RandomForest,전체,8760,최근6시간평균,0.023232191780821924,0.04422161779232222,-90.34630141451818
2008101,군위댐,기본변수,XGBoost,RandomForest,전체,8760,최근3시간변화량반영,0.027892009132420098,0.04422161779232222,-58.545831468703724
2008101,군위댐,기본변수,XGBoost,RandomForest,강우발생,492,현재방류량유지,0.022447154471544717,0.04244482293846162,-89.08776607862293
2008101,군위댐,기본변수,XGBoost,RandomForest,강우발생,492,최근3시간평균,0.02277981029810304,0.04244482293846162,-86.32649869782348
2008101,군위댐,기본변수,XGBoost,RandomForest,강우발생,492,최근6시간평균,0.023946138211382122,0.04244482293846162,-77.25122340723262
2008101,군위댐,기본변수,XGBoost,RandomForest,강우발생,492,최근3시간변화량반영,0.027947154471544715,0.04244482293846162,-51.875293714349944
2008101,군위댐,기본변수,XGBoost,RandomForest,최근24시간누적강우,2317,현재방류량유지,0.0215446698316789,0.0498308547651351,-131.29087219459126
2008101,군위댐,기본변수,XGBoost,RandomForest,최근24시간누적강우,2317,최근3시간평균,0.024695727233491643,0.0498308547651351,-101.77925636284124
2008101,군위댐,기본변수,XGBoost,RandomForest,최근24시간누적강우,2317,최근6시간평균,0.028964033951949374,0.0498308547651351,-72.0439039941856
2008101,군위댐,기본변수,XGBoost,RandomForest,최근24시간누적강우,2317,최근3시간변화량반영,0.03354294346137247,0.0498308547651351,-48.55838403841792
2008101,군위댐,기본변수,XGBoost,RandomForest,유입량급증,877,현재방류량유지,0.03206271379703535,0.05397726983219352,-68.34903674680363
2008101,군위댐,기본변수,XGBoost,RandomForest,유입량급증,877,최근3시간평균,0.0352417331812999,0.05397726983219352,-53.16292633653765
2008101,군위댐,기본변수,XGBoost,RandomForest,유입량급증,877,최근6시간평균,0.03756404408969974,0.05397726983219352,-43.69397954943401
2008101,군위댐,기본변수,XGBoost,RandomForest,유입량급증,877,최근3시간변화량반영,0.04555074116305588,0.05397726983219352,-18.499213084093586
2008101,군위댐,예측유입량포함,GradientBoosting,RandomForest,전체,8760,현재방류량유지,0.016984703196347033,0.06557013472859868,-286.05405093390806
2008101,군위댐,예측유입량포함,GradientBoosting,RandomForest,전체,8760,최근3시간평균,0.01991282343987826,0.06557013472859868,-229.28597457096504
2008101,군위댐,예측유입량포함,GradientBoosting,RandomForest,전체,8760,최근6시간평균,0.023232191780821924,0.06557013472859868,-182.2382638160148
2008101,군위댐,예측유입량포함,GradientBoosting,RandomForest,전체,8760,최근3시간변화량반영,0.027892009132420098,0.06557013472859868,-135.08573519138733
2008101,군위댐,예측유입량포함,GradientBoosting,RandomForest,강우발생,492,현재방류량유지,0.022447154471544717,0.06630537955770877,-195.3843421078659
2008101,군위댐,예측유입량포함,GradientBoosting,RandomForest,강우발생,492,최근3시간평균,0.02277981029810304,0.06630537955770877,-191.07081529660616
2008101,군위댐,예측유입량포함,GradientBoosting,RandomForest,강우발생,492,최근6시간평균,0.023946138211382122,0.06630537955770877,-176.8938313660629
2008101,군위댐,예측유입량포함,GradientBoosting,RandomForest,강우발생,492,최근3시간변화량반영,0.027947154471544715,0.06630537955770877,-137.2527035810379
2008101,군위댐,예측유입량포함,GradientBoosting,RandomForest,최근24시간누적강우,2317,현재방류량유지,0.0215446698316789,0.06806992966649926,-215.94788965579994
2008101,군위댐,예측유입량포함,GradientBoosting,RandomForest,최근24시간누적강우,2317,최근3시간평균,0.024695727233491643,0.06806992966649926,-175.63444082013004
2008101,군위댐,예측유입량포함,GradientBoosting,RandomForest,최근24시간누적강우,2317,최근6시간평균,0.028964033951949374,0.06806992966649926,-135.01536346568855
2008101,군위댐,예측유입량포함,GradientBoosting,RandomForest,최근24시간누적강우,2317,최근3시간변화량반영,0.03354294346137247,0.06806992966649926,-102.93368035780024
2008101,군위댐,예측유입량포함,GradientBoosting,RandomForest,유입량급증,877,현재방류량유지,0.03206271379703535,0.0858402594994528,-167.7261196380387
2008101,군위댐,예측유입량포함,GradientBoosting,RandomForest,유입량급증,877,최근3시간평균,0.0352417331812999,0.0858402594994528,-143.57558993438403
2008101,군위댐,예측유입량포함,GradientBoosting,RandomForest,유입량급증,877,최근6시간평균,0.03756404408969974,0.0858402594994528,-128.5170874958872
2008101,군위댐,예측유입량포함,GradientBoosting,RandomForest,유입량급증,877,최근3시간변화량반영,0.04555074116305588,0.0858402594994528,-88.44975363227219
2008101,군위댐,예측유입량포함,RandomForest,RandomForest,전체,8760,현재방류량유지,0.016984703196347033,0.07936025733698703,-367.24547623567156
2008101,군위댐,예측유입량포함,RandomForest,RandomForest,전체,8760,최근3시간평균,0.01991282343987826,0.07936025733698703,-298.5384472302247
2008101,군위댐,예측유입량포함,RandomForest,RandomForest,전체,8760,최근6시간평균,0.023232191780821924,0.07936025733698703,-241.59608394115696
2008101,군위댐,예측유입량포함,RandomForest,RandomForest,전체,8760,최근3시간변화량반영,0.027892009132420098,0.07936025733698703,-184.52685842821964
2008101,군위댐,예측유입량포함,RandomForest,RandomForest,강우발생,492,현재방류량유지,0.022447154471544717,0.05711108375420879,-154.42460346858678
2008101,군위댐,예측유입량포함,RandomForest,RandomForest,강우발생,492,최근3시간평균,0.02277981029810304,0.05711108375420879,-150.70921577852056
2008101,군위댐,예측유입량포함,RandomForest,RandomForest,강우발생,492,최근6시간평균,0.023946138211382122,0.05711108375420879,-138.498096227736
2008101,군위댐,예측유입량포함,RandomForest,RandomForest,강우발생,492,최근3시간변화량반영,0.027947154471544715,0.05711108375420879,-104.35384150596892
2008101,군위댐,예측유입량포함,RandomForest,RandomForest,최근24시간누적강우,2317,현재방류량유지,0.0215446698316789,0.07911966620891704,-267.23545464865236
2008101,군위댐,예측유입량포함,RandomForest,RandomForest,최근24시간누적강우,2317,최근3시간평균,0.024695727233491643,0.07911966620891704,-220.3779563195742
2008101,군위댐,예측유입량포함,RandomForest,RandomForest,최근24시간누적강우,2317,최근6시간평균,0.028964033951949374,0.07911966620891704,-173.16521704184797
2008101,군위댐,예측유입량포함,RandomForest,RandomForest,최근24시간누적강우,2317,최근3시간변화량반영,0.03354294346137247,0.07911966620891704,-135.87574030296423
2008101,군위댐,예측유입량포함,RandomForest,RandomForest,유입량급증,877,현재방류량유지,0.03206271379703535,0.10538894481301046,-228.69627156374753
2008101,군위댐,예측유입량포함,RandomForest,RandomForest,유입량급증,877,최근3시간평균,0.0352417331812999,0.10538894481301046,-199.04586210570463
2008101,군위댐,예측유입량포함,RandomForest,RandomForest,유입량급증,877,최근6시간평균,0.03756404408969974,0.10538894481301046,-180.55803725858334
2008101,군위댐,예측유입량포함,RandomForest,RandomForest,유입량급증,877,최근3시간변화량반영,0.04555074116305588,0.10538894481301046,-131.36603735108181
2008101,군위댐,예측유입량포함,XGBoost,RandomForest,전체,8760,현재방류량유지,0.016984703196347033,0.042778876284867116,-151.8670817519363
2008101,군위댐,예측유입량포함,XGBoost,RandomForest,전체,8760,최근3시간평균,0.01991282343987826,0.042778876284867116,-114.83079189662446
2008101,군위댐,예측유입량포함,XGBoost,RandomForest,전체,8760,최근6시간평균,0.023232191780821924,0.042778876284867116,-84.13620500576661
2008101,군위댐,예측유입량포함,XGBoost,RandomForest,전체,8760,최근3시간변화량반영,0.027892009132420098,0.042778876284867116,-53.37323346543496
2008101,군위댐,예측유입량포함,XGBoost,RandomForest,강우발생,492,현재방류량유지,0.022447154471544717,0.04235297213240369,-88.67857922077701
2008101,군위댐,예측유입량포함,XGBoost,RandomForest,강우발생,492,최근3시간평균,0.02277981029810304,0.04235297213240369,-85.92328723620047
2008101,군위댐,예측유입량포함,XGBoost,RandomForest,강우발생,492,최근6시간평균,0.023946138211382122,0.04235297213240369,-76.8676508860723
2008101,군위댐,예측유입량포함,XGBoost,RandomForest,강우발생,492,최근3시간변화량반영,0.027947154471544715,0.04235297213240369,-51.54663483012811
2008101,군위댐,예측유입량포함,XGBoost,RandomForest,최근24시간누적강우,2317,현재방류량유지,0.0215446698316789,0.049720854038712695,-130.78030170415533
2008101,군위댐,예측유입량포함,XGBoost,RandomForest,최근24시간누적강우,2317,최근3시간평균,0.024695727233491643,0.049720854038712695,-101.33383223994588
2008101,군위댐,예측유입량포함,XGBoost,RandomForest,최근24시간누적강우,2317,최근6시간평균,0.028964033951949374,0.049720854038712695,-71.66412013326037
2008101,군위댐,예측유입량포함,XGBoost,RandomForest,최근24시간누적강우,2317,최근3시간변화량반영,0.03354294346137247,0.049720854038712695,-48.23044404546804
2008101,군위댐,예측유입량포함,XGBoost,RandomForest,유입량급증,877,현재방류량유지,0.03206271379703535,0.05407060785114154,-68.64014753530044
2008101,군위댐,예측유입량포함,XGBoost,RandomForest,유입량급증,877,최근3시간평균,0.0352417331812999,0.05407060785114154,-53.42777715550233
2008101,군위댐,예측유입량포함,XGBoost,RandomForest,유입량급증,877,최근6시간평균,0.03756404408969974,0.05407060785114154,-43.94245657369992
2008101,군위댐,예측유입량포함,XGBoost,RandomForest,유입량급증,877,최근3시간변화량반영,0.04555074116305588,0.05407060785114154,-18.704123073623514
2012101,보현산댐,기본변수,GradientBoosting,RandomForest,전체,8760,현재방류량유지,0.0019863013698630124,0.010821671739475068,-444.8151979184003
2012101,보현산댐,기본변수,GradientBoosting,RandomForest,전체,8760,최근3시간평균,0.00224931506849315,0.010821671739475068,-381.1096449340318
2012101,보현산댐,기본변수,GradientBoosting,RandomForest,전체,8760,최근6시간평균,0.0026165144596651544,0.010821671739475068,-313.5911307312232
2012101,보현산댐,기본변수,GradientBoosting,RandomForest,전체,8760,최근3시간변화량반영,0.0035506849315068475,0.010821671739475068,-204.77702044046308
2012101,보현산댐,기본변수,GradientBoosting,RandomForest,강우발생,485,현재방류량유지,0.00147422680412371,0.006185150256967056,-319.5521502977657
2012101,보현산댐,기본변수,GradientBoosting,RandomForest,강우발생,485,최근3시간평균,0.0017106529209621956,0.006185150256967056,-261.5666381634024
2012101,보현산댐,기본변수,GradientBoosting,RandomForest,강우발생,485,최근6시간평균,0.002051202749140931,0.006185150256967056,-201.53773241370084
2012101,보현산댐,기본변수,GradientBoosting,RandomForest,강우발생,485,최근3시간변화량반영,0.0026536082474226783,0.006185150256967056,-133.08452794320314
2012101,보현산댐,기본변수,GradientBoosting,RandomForest,최근24시간누적강우,2274,현재방류량유지,0.0029722955145118726,0.007058276724184239,-137.4688751412186
2012101,보현산댐,기본변수,GradientBoosting,RandomForest,최근24시간누적강우,2274,최근3시간평균,0.0032305775432424494,0.007058276724184239,-118.48343306132266
2012101,보현산댐,기본변수,GradientBoosting,RandomForest,최근24시간누적강우,2274,최근6시간평균,0.0036380826737027615,0.007058276724184239,-94.01089412298809
2012101,보현산댐,기본변수,GradientBoosting,RandomForest,최근24시간누적강우,2274,최근3시간변화량반영,0.005203166226912926,0.007058276724184239,-35.65349282281075
2012101,보현산댐,기본변수,GradientBoosting,RandomForest,유입량급증,951,현재방류량유지,0.001481598317560463,0.004328021696742084,-192.11842679927048
2012101,보현산댐,기본변수,GradientBoosting,RandomForest,유입량급증,951,최근3시간평균,0.0019362075008762707,0.004328021696742084,-123.53088162210652
2012101,보현산댐,기본변수,GradientBoosting,RandomForest,유입량급증,951,최근6시간평균,0.0024020329477743214,0.004328021696742084,-80.18161244425674
2012101,보현산댐,기본변수,GradientBoosting,RandomForest,유입량급증,951,최근3시간변화량반영,0.003136698212407992,0.004328021696742084,-37.98017544759374
2012101,보현산댐,기본변수,RandomForest,RandomForest,전체,8760,현재방류량유지,0.0019863013698630124,0.010069305591630582,-406.937453923471
2012101,보현산댐,기본변수,RandomForest,RandomForest,전체,8760,최근3시간평균,0.00224931506849315,0.010069305591630582,-347.66096722839995
2012101,보현산댐,기본변수,RandomForest,RandomForest,전체,8760,최근6시간평균,0.0026165144596651544,0.010069305591630582,-284.83661171584697
2012101,보현산댐,기본변수,RandomForest,RandomForest,전체,8760,최근3시간변화량반영,0.0035506849315068475,0.010069305591630582,-183.58769606058368
2012101,보현산댐,기본변수,RandomForest,RandomForest,강우발생,485,현재방류량유지,0.00147422680412371,0.010568655391916223,-616.8948063048074
2012101,보현산댐,기본변수,RandomForest,RandomForest,강우발생,485,최근3시간평균,0.0017106529209621956,0.010568655391916223,-517.8141259637661
2012101,보현산댐,기본변수,RandomForest,RandomForest,강우발생,485,최근6시간평균,0.002051202749140931,0.010568655391916223,-415.2418695003459
2012101,보현산댐,기본변수,RandomForest,RandomForest,강우발생,485,최근3시간변화량반영,0.0026536082474226783,0.010568655391916223,-298.27489239155966
2012101,보현산댐,기본변수,RandomForest,RandomForest,최근24시간누적강우,2274,현재방류량유지,0.0029722955145118726,0.00982859431638918,-230.6735238270307
2012101,보현산댐,기본변수,RandomForest,RandomForest,최근24시간누적강우,2274,최근3시간평균,0.0032305775432424494,0.00982859431638918,-204.23644641956088
2012101,보현산댐,기본변수,RandomForest,RandomForest,최근24시간누적강우,2274,최근6시간평균,0.0036380826737027615,0.00982859431638918,-170.15863018818786
2012101,보현산댐,기본변수,RandomForest,RandomForest,최근24시간누적강우,2274,최근3시간변화량반영,0.005203166226912926,0.00982859431638918,-88.89641206447774
2012101,보현산댐,기본변수,RandomForest,RandomForest,유입량급증,951,현재방류량유지,0.001481598317560463,0.008629070435464735,-482.4163225072364
2012101,보현산댐,기본변수,RandomForest,RandomForest,유입량급증,951,최근3시간평균,0.0019362075008762707,0.008629070435464735,-345.6686812523694
2012101,보현산댐,기본변수,RandomForest,RandomForest,유입량급증,951,최근6시간평균,0.0024020329477743214,0.008629070435464735,-259.24030282183554
2012101,보현산댐,기본변수,RandomForest,RandomForest,유입량급증,951,최근3시간변화량반영,0.003136698212407992,0.008629070435464735,-175.10043527076638
2012101,보현산댐,기본변수,XGBoost,RandomForest,전체,8760,현재방류량유지,0.0019863013698630124,0.011324165008111627,-470.11313489113735
2012101,보현산댐,기본변수,XGBoost,RandomForest,전체,8760,최근3시간평균,0.00224931506849315,0.011324165008111627,-403.4494796541711
2012101,보현산댐,기본변수,XGBoost,RandomForest,전체,8760,최근6시간평균,0.0026165144596651544,0.011324165008111627,-332.7958122410233
2012101,보현산댐,기본변수,XGBoost,RandomForest,전체,8760,최근3시간변화량반영,0.0035506849315068475,0.011324165008111627,-218.92902993524274
2012101,보현산댐,기본변수,XGBoost,RandomForest,강우발생,485,현재방류량유지,0.00147422680412371,0.00825509146169289,-459.96074949944824
2012101,보현산댐,기본변수,XGBoost,RandomForest,강우발생,485,최근3시간평균,0.0017106529209621956,0.00825509146169289,-382.5696294400635
2012101,보현산댐,기본변수,XGBoost,RandomForest,강우발생,485,최근6시간평균,0.002051202749140931,0.00825509146169289,-302.4512674405406
2012101,보현산댐,기본변수,XGBoost,RandomForest,강우발생,485,최근3시간변화량반영,0.0026536082474226783,0.00825509146169289,-211.08930527747125
2012101,보현산댐,기본변수,XGBoost,RandomForest,최근24시간누적강우,2274,현재방류량유지,0.0029722955145118726,0.00995354704890423,-234.87743733108778
2012101,보현산댐,기본변수,XGBoost,RandomForest,최근24시간누적강우,2274,최근3시간평균,0.0032305775432424494,0.00995354704890423,-208.10426048198508
2012101,보현산댐,기본변수,XGBoost,RandomForest,최근24시간누적강우,2274,최근6시간평균,0.0036380826737027615,0.00995354704890423,-173.59320668690924
2012101,보현산댐,기본변수,XGBoost,RandomForest,최근24시간누적강우,2274,최근3시간변화량반영,0.005203166226912926,0.00995354704890423,-91.29788699466049
2012101,보현산댐,기본변수,XGBoost,RandomForest,유입량급증,951,현재방류량유지,0.001481598317560463,0.0068856992854430124,-364.7480497130095
2012101,보현산댐,기본변수,XGBoost,RandomForest,유입량급증,951,최근3시간평균,0.0019362075008762707,0.0068856992854430124,-255.62816910515775
2012101,보현산댐,기본변수,XGBoost,RandomForest,유입량급증,951,최근6시간평균,0.0024020329477743214,0.0068856992854430124,-186.66131710737653
2012101,보현산댐,기본변수,XGBoost,RandomForest,유입량급증,951,최근3시간변화량반영,0.003136698212407992,0.0068856992854430124,-119.52061751445872
2012101,보현산댐,예측유입량포함,GradientBoosting,RandomForest,전체,8760,현재방류량유지,0.0019863013698630124,0.009338876516223482,-370.164128058148
2012101,보현산댐,예측유입량포함,GradientBoosting,RandomForest,전체,8760,최근3시간평균,0.00224931506849315,0.009338876516223482,-315.1875674082304
2012101,보현산댐,예측유입량포함,GradientBoosting,RandomForest,전체,8760,최근6시간평균,0.0026165144596651544,0.009338876516223482,-256.9205009254417
2012101,보현산댐,예측유입량포함,GradientBoosting,RandomForest,전체,8760,최근3시간변화량반영,0.0035506849315068475,0.009338876516223482,-163.0161981806769
2012101,보현산댐,예측유입량포함,GradientBoosting,RandomForest,강우발생,485,현재방류량유지,0.00147422680412371,0.014530195776897537,-885.6146785727708
2012101,보현산댐,예측유입량포함,GradientBoosting,RandomForest,강우발생,485,최근3시간평균,0.0017106529209621956,0.014530195776897537,-749.3947310319792
2012101,보현산댐,예측유입량포함,GradientBoosting,RandomForest,강우발생,485,최근6시간평균,0.002051202749140931,0.014530195776897537,-608.3744297331389
2012101,보현산댐,예측유입량포함,GradientBoosting,RandomForest,강우발생,485,최근3시간변화량반영,0.0026536082474226783,0.014530195776897537,-447.563710318206
2012101,보현산댐,예측유입량포함,GradientBoosting,RandomForest,최근24시간누적강우,2274,현재방류량유지,0.0029722955145118726,0.012304844715337057,-313.9845669873721
2012101,보현산댐,예측유입량포함,GradientBoosting,RandomForest,최근24시간누적강우,2274,최근3시간평균,0.0032305775432424494,0.012304844715337057,-280.88683991120035
2012101,보현산댐,예측유입량포함,GradientBoosting,RandomForest,최근24시간누적강우,2274,최근6시간평균,0.0036380826737027615,0.012304844715337057,-238.22333957060556
2012101,보현산댐,예측유입량포함,GradientBoosting,RandomForest,최근24시간누적강우,2274,최근3시간변화량반영,0.005203166226912926,0.012304844715337057,-136.4876342349263
2012101,보현산댐,예측유입량포함,GradientBoosting,RandomForest,유입량급증,951,현재방류량유지,0.001481598317560463,0.0053851513114230665,-263.46904876957666
2012101,보현산댐,예측유입량포함,GradientBoosting,RandomForest,유입량급증,951,최근3시간평균,0.0019362075008762707,0.0053851513114230665,-178.1288322137945
2012101,보현산댐,예측유입량포함,GradientBoosting,RandomForest,유입량급증,951,최근6시간평균,0.0024020329477743214,0.0053851513114230665,-124.19140072216106
2012101,보현산댐,예측유입량포함,GradientBoosting,RandomForest,유입량급증,951,최근3시간변화량반영,0.003136698212407992,0.0053851513114230665,-71.68216215767131
2012101,보현산댐,예측유입량포함,RandomForest,RandomForest,전체,8760,현재방류량유지,0.0019863013698630124,0.015040826168238142,-657.2278001940587
2012101,보현산댐,예측유입량포함,RandomForest,RandomForest,전체,8760,최근3시간평균,0.00224931506849315,0.015040826168238142,-568.6847200252038
2012101,보현산댐,예측유입량포함,RandomForest,RandomForest,전체,8760,최근6시간평균,0.0026165144596651544,0.015040826168238142,-474.84208094775744
2012101,보현산댐,예측유입량포함,RandomForest,RandomForest,전체,8760,최근3시간변화량반영,0.0035506849315068475,0.015040826168238142,-323.6035147690528
2012101,보현산댐,예측유입량포함,RandomForest,RandomForest,강우발생,485,현재방류량유지,0.00147422680412371,0.024175051884083833,-1539.8461767525412
2012101,보현산댐,예측유입량포함,RandomForest,RandomForest,강우발생,485,최근3시간평균,0.0017106529209621956,0.024175051884083833,-1313.2061266107696
2012101,보현산댐,예측유입량포함,RandomForest,RandomForest,강우발생,485,최근6시간평균,0.002051202749140931,0.024175051884083833,-1078.579342983459
2012101,보현산댐,예측유입량포함,RandomForest,RandomForest,강우발생,485,최근3시간변화량반영,0.0026536082474226783,0.024175051884083833,-811.0256537514116
2012101,보현산댐,예측유입량포함,RandomForest,RandomForest,최근24시간누적강우,2274,현재방류량유지,0.0029722955145118726,0.017792241196675888,-498.6026998260242
2012101,보현산댐,예측유입량포함,RandomForest,RandomForest,최근24시간누적강우,2274,최근3시간평균,0.0032305775432424494,0.017792241196675888,-450.74490423214735
2012101,보현산댐,예측유입량포함,RandomForest,RandomForest,최근24시간누적강우,2274,최근6시간평균,0.0036380826737027615,0.017792241196675888,-389.0554391543646
2012101,보현산댐,예측유입량포함,RandomForest,RandomForest,최근24시간누적강우,2274,최근3시간변화량반영,0.005203166226912926,0.017792241196675888,-241.95027452029234
2012101,보현산댐,예측유입량포함,RandomForest,RandomForest,유입량급증,951,현재방류량유지,0.001481598317560463,0.013112712796433596,-785.0383157848366
2012101,보현산댐,예측유입량포함,RandomForest,RandomForest,유입량급증,951,최근3시간평균,0.0019362075008762707,0.013112712796433596,-577.2369588744577
2012101,보현산댐,예측유입량포함,RandomForest,RandomForest,유입량급증,951,최근6시간평균,0.0024020329477743214,0.013112712796433596,-445.9006217455756
2012101,보현산댐,예측유입량포함,RandomForest,RandomForest,유입량급증,951,최근3시간변화량반영,0.003136698212407992,0.013112712796433596,-318.0418997455028
2012101,보현산댐,예측유입량포함,XGBoost,RandomForest,전체,8760,현재방류량유지,0.0019863013698630124,0.011554140674523566,-481.6912201656696
2012101,보현산댐,예측유입량포함,XGBoost,RandomForest,전체,8760,최근3시간평균,0.00224931506849315,0.011554140674523566,-413.67373278941574
2012101,보현산댐,예측유입량포함,XGBoost,RandomForest,전체,8760,최근6시간평균,0.0026165144596651544,0.011554140674523566,-341.5852024758998
2012101,보현산댐,예측유입량포함,XGBoost,RandomForest,전체,8760,최근3시간변화량반영,0.0035506849315068475,0.011554140674523566,-225.40596807107283
2012101,보현산댐,예측유입량포함,XGBoost,RandomForest,강우발생,485,현재방류량유지,0.00147422680412371,0.013988482951134753,-848.8691232587917
2012101,보현산댐,예측유입량포함,XGBoost,RandomForest,강우발생,485,최근3시간평균,0.0017106529209621956,0.013988482951134753,-717.7277096786304
2012101,보현산댐,예측유입량포함,XGBoost,RandomForest,강우발생,485,최근6시간평균,0.002051202749140931,0.013988482951134753,-581.9649084905577
2012101,보현산댐,예측유입량포함,XGBoost,RandomForest,강우발생,485,최근3시간변화량반영,0.0026536082474226783,0.013988482951134753,-427.1495129215509
2012101,보현산댐,예측유입량포함,XGBoost,RandomForest,최근24시간누적강우,2274,현재방류량유지,0.0029722955145118726,0.010044033578643698,-237.92176886870507
2012101,보현산댐,예측유입량포함,XGBoost,RandomForest,최근24시간누적강우,2274,최근3시간평균,0.0032305775432424494,0.010044033578643698,-210.90520020648552
2012101,보현산댐,예측유입량포함,XGBoost,RandomForest,최근24시간누적강우,2274,최근6시간평균,0.0036380826737027615,0.010044033578643698,-176.080410465799
2012101,보현산댐,예측유입량포함,XGBoost,RandomForest,최근24시간누적강우,2274,최근3시간변화량반영,0.005203166226912926,0.010044033578643698,-93.03695366663099
2012101,보현산댐,예측유입량포함,XGBoost,RandomForest,유입량급증,951,현재방류량유지,0.001481598317560463,0.007568539063135776,-410.8361000029895
2012101,보현산댐,예측유입량포함,XGBoost,RandomForest,유입량급증,951,최근3시간평균,0.0019362075008762707,0.007568539063135776,-290.89503886905084
2012101,보현산댐,예측유입량포함,XGBoost,RandomForest,유입량급증,951,최근6시간평균,0.0024020329477743214,0.007568539063135776,-215.08889460274233
2012101,보현산댐,예측유입량포함,XGBoost,RandomForest,유입량급증,951,최근3시간변화량반영,0.003136698212407992,0.007568539063135776,-141.28999829172383
2015110,합천댐,기본변수,GradientBoosting,RandomForest,전체,8695,현재방류량유지,19.741426106958023,13.244338604005765,32.910932917163
2015110,합천댐,기본변수,GradientBoosting,RandomForest,전체,8695,최근3시간평균,20.493092505271235,13.244338604005765,35.37169365434204
2015110,합천댐,기본변수,GradientBoosting,RandomForest,전체,8695,최근6시간평균,18.623965861606287,13.244338604005765,28.885508583812115
2015110,합천댐,기본변수,GradientBoosting,RandomForest,전체,8695,최근3시간변화량반영,29.107665669925247,13.244338604005765,54.498795079640686
2015110,합천댐,기본변수,GradientBoosting,RandomForest,강우발생,611,현재방류량유지,18.716744680851065,14.305008114708441,23.571067733034965
2015110,합천댐,기본변수,GradientBoosting,RandomForest,강우발생,611,최근3시간평균,18.85664975450083,14.305008114708441,24.138124741411033
2015110,합천댐,기본변수,GradientBoosting,RandomForest,강우발생,611,최근6시간평균,17.19282951445717,14.305008114708441,16.79666163920492
2015110,합천댐,기본변수,GradientBoosting,RandomForest,강우발생,611,최근3시간변화량반영,26.704738134206217,14.305008114708441,46.4326965394014
2015110,합천댐,기본변수,GradientBoosting,RandomForest,최근24시간누적강우,2478,현재방류량유지,18.86448224374496,13.663346185956943,27.57105119867574
2015110,합천댐,기본변수,GradientBoosting,RandomForest,최근24시간누적강우,2478,최근3시간평균,19.23995453322573,13.663346185956943,28.984519363798235
2015110,합천댐,기본변수,GradientBoosting,RandomForest,최근24시간누적강우,2478,최근6시간평균,17.220844901802526,13.663346185956943,20.65809625562109
2015110,합천댐,기본변수,GradientBoosting,RandomForest,최근24시간누적강우,2478,최근3시간변화량반영,27.82072719935432,13.663346185956943,50.88788985259145
2015110,합천댐,기본변수,GradientBoosting,RandomForest,유입량급증,870,현재방류량유지,25.761166666666668,15.82152721306949,38.583809429944985
2015110,합천댐,기본변수,GradientBoosting,RandomForest,유입량급증,870,최근3시간평균,26.306627969348664,15.82152721306949,39.85725866688789
2015110,합천댐,기본변수,GradientBoosting,RandomForest,유입량급증,870,최근6시간평균,23.081025095785442,15.82152721306949,31.452233393401247
2015110,합천댐,기본변수,GradientBoosting,RandomForest,유입량급증,870,최근3시간변화량반영,32.736545977011495,15.82152721306949,51.67013885893825
2015110,합천댐,기본변수,GradientBoosting,RandomForest,방류량변화,4282,현재방류량유지,39.8627564222326,15.67088772567415,60.6878973453676
2015110,합천댐,기본변수,GradientBoosting,RandomForest,방류량변화,4282,최근3시간평균,35.31638284290831,15.67088772567415,55.62714393662505
2015110,합천댐,기본변수,GradientBoosting,RandomForest,방류량변화,4282,최근6시간평균,26.495354701852715,15.67088772567415,40.85420670145493
2015110,합천댐,기본변수,GradientBoosting,RandomForest,방류량변화,4282,최근3시간변화량반영,55.09032741709482,15.67088772567415,71.55419388411298
2015110,합천댐,기본변수,RandomForest,RandomForest,전체,8695,현재방류량유지,19.741426106958023,13.334277074981392,32.4553504760144
2015110,합천댐,기본변수,RandomForest,RandomForest,전체,8695,최근3시간평균,20.493092505271235,13.334277074981392,34.93282152729488
2015110,합천댐,기본변수,RandomForest,RandomForest,전체,8695,최근6시간평균,18.623965861606287,13.334277074981392,28.402590650843624
2015110,합천댐,기본변수,RandomForest,RandomForest,전체,8695,최근3시간변화량반영,29.107665669925247,13.334277074981392,54.189809563606836
2015110,합천댐,기본변수,RandomForest,RandomForest,강우발생,611,현재방류량유지,18.716744680851065,13.69611637494775,26.824260262736153
2015110,합천댐,기본변수,RandomForest,RandomForest,강우발생,611,최근3시간평균,18.85664975450083,13.69611637494775,27.367180526441764
2015110,합천댐,기본변수,RandomForest,RandomForest,강우발생,611,최근6시간평균,17.19282951445717,13.69611637494775,20.338206323566993
2015110,합천댐,기본변수,RandomForest,RandomForest,강우발생,611,최근3시간변화량반영,26.704738134206217,13.69611637494775,48.71278532627012
2015110,합천댐,기본변수,RandomForest,RandomForest,최근24시간누적강우,2478,현재방류량유지,18.86448224374496,12.374716558461648,34.402034476377814
2015110,합천댐,기본변수,RandomForest,RandomForest,최근24시간누적강우,2478,최근3시간평균,19.23995453322573,12.374716558461648,35.68219437789426
2015110,합천댐,기본변수,RandomForest,RandomForest,최근24시간누적강우,2478,최근6시간평균,17.220844901802526,12.374716558461648,28.14106027302776
2015110,합천댐,기본변수,RandomForest,RandomForest,최근24시간누적강우,2478,최근3시간변화량반영,27.82072719935432,12.374716558461648,55.519794756663124
2015110,합천댐,기본변수,RandomForest,RandomForest,유입량급증,870,현재방류량유지,25.761166666666668,13.554521577864854,47.38389858948604
2015110,합천댐,기본변수,RandomForest,RandomForest,유입량급증,870,최근3시간평균,26.306627969348664,13.554521577864854,48.474880194991194
2015110,합천댐,기본변수,RandomForest,RandomForest,유입량급증,870,최근6시간평균,23.081025095785442,13.554521577864854,41.27417858776174
2015110,합천댐,기본변수,RandomForest,RandomForest,유입량급증,870,최근3시간변화량반영,32.736545977011495,13.554521577864854,58.59513832832819
2015110,합천댐,기본변수,RandomForest,RandomForest,방류량변화,4282,현재방류량유지,39.8627564222326,13.861056192750722,65.22805386077111
2015110,합천댐,기본변수,RandomForest,RandomForest,방류량변화,4282,최근3시간평균,35.31638284290831,13.861056192750722,60.751767092325295
2015110,합천댐,기본변수,RandomForest,RandomForest,방류량변화,4282,최근6시간평균,26.495354701852715,13.861056192750722,47.68495704727639
2015110,합천댐,기본변수,RandomForest,RandomForest,방류량변화,4282,최근3시간변화량반영,55.09032741709482,13.861056192750722,74.839401320295
2015110,합천댐,기본변수,XGBoost,RandomForest,전체,8695,현재방류량유지,19.741426106958023,13.143135292349033,33.42357729811308
2015110,합천댐,기본변수,XGBoost,RandomForest,전체,8695,최근3시간평균,20.493092505271235,13.143135292349033,35.86553474558144
2015110,합천댐,기본변수,XGBoost,RandomForest,전체,8695,최근6시간평균,18.623965861606287,13.143135292349033,29.42891224127567
2015110,합천댐,기본변수,XGBoost,RandomForest,전체,8695,최근3시간변화량반영,29.107665669925247,13.143135292349033,54.84648119368486
2015110,합천댐,기본변수,XGBoost,RandomForest,강우발생,611,현재방류량유지,18.716744680851065,14.095729224873446,24.68920495937169
2015110,합천댐,기본변수,XGBoost,RandomForest,강우발생,611,최근3시간평균,18.85664975450083,14.095729224873446,25.24796605765568
2015110,합천댐,기본변수,XGBoost,RandomForest,강우발생,611,최근6시간평균,17.19282951445717,14.095729224873446,18.013906826560586
2015110,합천댐,기본변수,XGBoost,RandomForest,강우발생,611,최근3시간변화량반영,26.704738134206217,14.095729224873446,47.21637353628207
2015110,합천댐,기본변수,XGBoost,RandomForest,최근24시간누적강우,2478,현재방류량유지,18.86448224374496,13.203876148675892,30.006686756250613
2015110,합천댐,기본변수,XGBoost,RandomForest,최근24시간누적강우,2478,최근3시간평균,19.23995453322573,13.203876148675892,31.372622914082545
2015110,합천댐,기본변수,XGBoost,RandomForest,최근24시간누적강우,2478,최근6시간평균,17.220844901802526,13.203876148675892,23.32620017213077
2015110,합천댐,기본변수,XGBoost,RandomForest,최근24시간누적강우,2478,최근3시간변화량반영,27.82072719935432,13.203876148675892,52.53942841227265
2015110,합천댐,기본변수,XGBoost,RandomForest,유입량급증,870,현재방류량유지,25.761166666666668,15.869306411732135,38.3983395741699
2015110,합천댐,기본변수,XGBoost,RandomForest,유입량급증,870,최근3시간평균,26.306627969348664,15.869306411732135,39.67563448184101
2015110,합천댐,기본변수,XGBoost,RandomForest,유입량급증,870,최근6시간평균,23.081025095785442,15.869306411732135,31.24522699544292
2015110,합천댐,기본변수,XGBoost,RandomForest,유입량급증,870,최근3시간변화량반영,32.736545977011495,15.869306411732135,51.5241882180362
2015110,합천댐,기본변수,XGBoost,RandomForest,방류량변화,4282,현재방류량유지,39.8627564222326,16.061000751965352,59.70925697700204
2015110,합천댐,기본변수,XGBoost,RandomForest,방류량변화,4282,최근3시간평균,35.31638284290831,16.061000751965352,54.52252054405828
2015110,합천댐,기본변수,XGBoost,RandomForest,방류량변화,4282,최근6시간평균,26.495354701852715,16.061000751965352,39.38182397368596
2015110,합천댐,기본변수,XGBoost,RandomForest,방류량변화,4282,최근3시간변화량반영,55.09032741709482,16.061000751965352,70.84606045201768
2015110,합천댐,예측유입량포함,GradientBoosting,RandomForest,전체,8695,현재방류량유지,19.741426106958023,13.051077640507282,33.88989442911966
2015110,합천댐,예측유입량포함,GradientBoosting,RandomForest,전체,8695,최근3시간평균,20.493092505271235,13.051077640507282,36.31474782466198
2015110,합천댐,예측유입량포함,GradientBoosting,RandomForest,전체,8695,최근6시간평균,18.623965861606287,13.051077640507282,29.923208958343483
2015110,합천댐,예측유입량포함,GradientBoosting,RandomForest,전체,8695,최근3시간변화량반영,29.107665669925247,13.051077640507282,55.16274720032952
2015110,합천댐,예측유입량포함,GradientBoosting,RandomForest,강우발생,611,현재방류량유지,18.716744680851065,14.30547580454698,23.568568955354802
2015110,합천댐,예측유입량포함,GradientBoosting,RandomForest,강우발생,611,최근3시간평균,18.85664975450083,14.30547580454698,24.135644503168148
2015110,합천댐,예측유입량포함,GradientBoosting,RandomForest,강우발생,611,최근6시간평균,17.19282951445717,14.30547580454698,16.79394137819061
2015110,합천댐,예측유입량포함,GradientBoosting,RandomForest,강우발생,611,최근3시간변화량반영,26.704738134206217,14.30547580454698,46.43094520285509
2015110,합천댐,예측유입량포함,GradientBoosting,RandomForest,최근24시간누적강우,2478,현재방류량유지,18.86448224374496,13.572966445544955,28.050151230387215
2015110,합천댐,예측유입량포함,GradientBoosting,RandomForest,최근24시간누적강우,2478,최근3시간평균,19.23995453322573,13.572966445544955,29.45426964442343
2015110,합천댐,예측유입량포함,GradientBoosting,RandomForest,최근24시간누적강우,2478,최근6시간평균,17.220844901802526,13.572966445544955,21.182923817377528
2015110,합천댐,예측유입량포함,GradientBoosting,RandomForest,최근24시간누적강우,2478,최근3시간변화량반영,27.82072719935432,13.572966445544955,51.212754618937616
2015110,합천댐,예측유입량포함,GradientBoosting,RandomForest,유입량급증,870,현재방류량유지,25.761166666666668,16.030356887658247,37.77317194100327
2015110,합천댐,예측유입량포함,GradientBoosting,RandomForest,유입량급증,870,최근3시간평균,26.306627969348664,16.030356887658247,39.06342954202979
2015110,합천댐,예측유입량포함,GradientBoosting,RandomForest,유입량급증,870,최근6시간평균,23.081025095785442,16.030356887658247,30.547465629742053
2015110,합천댐,예측유입량포함,GradientBoosting,RandomForest,유입량급증,870,최근3시간변화량반영,32.736545977011495,16.030356887658247,51.03222893791176
2015110,합천댐,예측유입량포함,GradientBoosting,RandomForest,방류량변화,4282,현재방류량유지,39.8627564222326,15.849100425375571,60.24083167380749
2015110,합천댐,예측유입량포함,GradientBoosting,RandomForest,방류량변화,4282,최근3시간평균,35.31638284290831,15.849100425375571,55.12252629077459
2015110,합천댐,예측유입량포함,GradientBoosting,RandomForest,방류량변화,4282,최근6시간평균,26.495354701852715,15.849100425375571,40.1815880416679
2015110,합천댐,예측유입량포함,GradientBoosting,RandomForest,방류량변화,4282,최근3시간변화량반영,55.09032741709482,15.849100425375571,71.23070206974752
2015110,합천댐,예측유입량포함,RandomForest,RandomForest,전체,8695,현재방류량유지,19.741426106958023,13.118153241021155,33.550123633684414
2015110,합천댐,예측유입량포함,RandomForest,RandomForest,전체,8695,최근3시간평균,20.493092505271235,13.118153241021155,35.987439486515264
2015110,합천댐,예측유입량포함,RandomForest,RandomForest,전체,8695,최근6시간평균,18.623965861606287,13.118153241021155,29.56305150846247
2015110,합천댐,예측유입량포함,RandomForest,RandomForest,전체,8695,최근3시간변화량반영,29.107665669925247,13.118153241021155,54.93230755850287
2015110,합천댐,예측유입량포함,RandomForest,RandomForest,강우발생,611,현재방류량유지,18.716744680851065,13.668266732208691,26.973055596614653
2015110,합천댐,예측유입량포함,RandomForest,RandomForest,강우발생,611,최근3시간평균,18.85664975450083,13.668266732208691,27.514871887853467
2015110,합천댐,예측유입량포함,RandomForest,RandomForest,강우발생,611,최근6시간평균,17.19282951445717,13.668266732208691,20.500190380441634
2015110,합천댐,예측유입량포함,RandomForest,RandomForest,강우발생,611,최근3시간변화량반영,26.704738134206217,13.668266732208691,48.817072597686526
2015110,합천댐,예측유입량포함,RandomForest,RandomForest,최근24시간누적강우,2478,현재방류량유지,18.86448224374496,12.38984739371054,34.32182641631346
2015110,합천댐,예측유입량포함,RandomForest,RandomForest,최근24시간누적강우,2478,최근3시간평균,19.23995453322573,12.38984739371054,35.60355159720181
2015110,합천댐,예측유입량포함,RandomForest,RandomForest,최근24시간누적강우,2478,최근6시간평균,17.220844901802526,12.38984739371054,28.053196783546436
2015110,합천댐,예측유입량포함,RandomForest,RandomForest,최근24시간누적강우,2478,최근3시간변화량반영,27.82072719935432,12.38984739371054,55.46540784168255
2015110,합천댐,예측유입량포함,RandomForest,RandomForest,유입량급증,870,현재방류량유지,25.761166666666668,13.529525165543781,47.48092995706543
2015110,합천댐,예측유입량포함,RandomForest,RandomForest,유입량급증,870,최근3시간평균,26.306627969348664,13.529525165543781,48.56989964161202
2015110,합천댐,예측유입량포함,RandomForest,RandomForest,유입량급증,870,최근6시간평균,23.081025095785442,13.529525165543781,41.38247712397206
2015110,합천댐,예측유입량포함,RandomForest,RandomForest,유입량급증,870,최근3시간변화량반영,32.736545977011495,13.529525165543781,58.671494619363365
2015110,합천댐,예측유입량포함,RandomForest,RandomForest,방류량변화,4282,현재방류량유지,39.8627564222326,13.915652668999497,65.09109274430821
2015110,합천댐,예측유입량포함,RandomForest,RandomForest,방류량변화,4282,최근3시간평균,35.31638284290831,13.915652668999497,60.597174600530124
2015110,합천댐,예측유입량포함,RandomForest,RandomForest,방류량변화,4282,최근6시간평균,26.495354701852715,13.915652668999497,47.4788964873664
2015110,합천댐,예측유입량포함,RandomForest,RandomForest,방류량변화,4282,최근3시간변화량반영,55.09032741709482,13.915652668999497,74.74029775927345
2015110,합천댐,예측유입량포함,XGBoost,RandomForest,전체,8695,현재방류량유지,19.741426106958023,13.10137261274974,33.6351257413361
2015110,합천댐,예측유입량포함,XGBoost,RandomForest,전체,8695,최근3시간평균,20.493092505271235,13.10137261274974,36.06932380078896
2015110,합천댐,예측유입량포함,XGBoost,RandomForest,전체,8695,최근6시간평균,18.623965861606287,13.10137261274974,29.653153844324283
2015110,합천댐,예측유입량포함,XGBoost,RandomForest,전체,8695,최근3시간변화량반영,29.107665669925247,13.10137261274974,54.989957761242245
2015110,합천댐,예측유입량포함,XGBoost,RandomForest,강우발생,611,현재방류량유지,18.716744680851065,13.881700019279608,25.832722217545385
2015110,합천댐,예측유입량포함,XGBoost,RandomForest,강우발생,611,최근3시간평균,18.85664975450083,13.881700019279608,26.382999101066552
2015110,합천댐,예측유입량포함,XGBoost,RandomForest,강우발생,611,최근6시간평균,17.19282951445717,13.881700019279608,19.25878164727503
2015110,합천댐,예측유입량포함,XGBoost,RandomForest,강우발생,611,최근3시간변화량반영,26.704738134206217,13.881700019279608,48.01783882127465
2015110,합천댐,예측유입량포함,XGBoost,RandomForest,최근24시간누적강우,2478,현재방류량유지,18.86448224374496,13.168546622268263,30.19396741389678
2015110,합천댐,예측유입량포함,XGBoost,RandomForest,최근24시간누적강우,2478,최근3시간평균,19.23995453322573,13.168546622268263,31.556248745144767
2015110,합천댐,예측유입량포함,XGBoost,RandomForest,최근24시간누적강우,2478,최근6시간평균,17.220844901802526,13.168546622268263,23.531355764722694
2015110,합천댐,예측유입량포함,XGBoost,RandomForest,최근24시간누적강우,2478,최근3시간변화량반영,27.82072719935432,13.168546622268263,52.66641835813017
2015110,합천댐,예측유입량포함,XGBoost,RandomForest,유입량급증,870,현재방류량유지,25.761166666666668,16.10809900021249,37.4713916933919
2015110,합천댐,예측유입량포함,XGBoost,RandomForest,유입량급증,870,최근3시간평균,26.306627969348664,16.10809900021249,38.76790663181558
2015110,합천댐,예측유입량포함,XGBoost,RandomForest,유입량급증,870,최근6시간평균,23.081025095785442,16.10809900021249,30.21064301362506
2015110,합천댐,예측유입량포함,XGBoost,RandomForest,유입량급증,870,최근3시간변화량반영,32.736545977011495,16.10809900021249,50.79475088323599
2015110,합천댐,예측유입량포함,XGBoost,RandomForest,방류량변화,4282,현재방류량유지,39.8627564222326,16.28097363663743,59.157431402417856
2015110,합천댐,예측유입량포함,XGBoost,RandomForest,방류량변화,4282,최근3시간평균,35.31638284290831,16.28097363663743,53.89965696923935
2015110,합천댐,예측유입량포함,XGBoost,RandomForest,방류량변화,4282,최근6시간평균,26.495354701852715,16.28097363663743,38.55159208153962
2015110,합천댐,예측유입량포함,XGBoost,RandomForest,방류량변화,4282,최근3시간변화량반영,55.09032741709482,16.28097363663743,70.44676552133657
2018110,남강댐,기본변수,GradientBoosting,GradientBoosting,전체,8578,현재방류량유지,11.033608650034973,12.284229637531663,-11.334650585896268
2018110,남강댐,기본변수,GradientBoosting,GradientBoosting,전체,8578,최근3시간평균,14.267432190875883,12.284229637531663,13.900206616103574
2018110,남강댐,기본변수,GradientBoosting,GradientBoosting,전체,8578,최근6시간평균,18.37381829486283,12.284229637531663,33.142749969579086
2018110,남강댐,기본변수,GradientBoosting,GradientBoosting,전체,8578,최근3시간변화량반영,16.432041384938216,12.284229637531663,25.242218238377134
2018110,남강댐,기본변수,GradientBoosting,GradientBoosting,강우발생,522,현재방류량유지,14.398605363984675,18.117891088067918,-25.83087479698774
2018110,남강댐,기본변수,GradientBoosting,GradientBoosting,강우발생,522,최근3시간평균,18.250975095785442,18.117891088067918,0.729188479076149
2018110,남강댐,기본변수,GradientBoosting,GradientBoosting,강우발생,522,최근6시간평균,23.8572496807152,18.117891088067918,24.057083986871472
2018110,남강댐,기본변수,GradientBoosting,GradientBoosting,강우발생,522,최근3시간변화량반영,19.649547892720307,18.117891088067918,7.794870462235071
2018110,남강댐,기본변수,GradientBoosting,GradientBoosting,최근24시간누적강우,2072,현재방류량유지,10.57096138996139,14.964000505790192,-41.55761196896064
2018110,남강댐,기본변수,GradientBoosting,GradientBoosting,최근24시간누적강우,2072,최근3시간평균,13.775951898326898,14.964000505790192,-8.624076334119486
2018110,남강댐,기본변수,GradientBoosting,GradientBoosting,최근24시간누적강우,2072,최근6시간평균,18.265473616473617,14.964000505790192,18.07493843305453
2018110,남강댐,기본변수,GradientBoosting,GradientBoosting,최근24시간누적강우,2072,최근3시간변화량반영,15.604642374517375,14.964000505790192,4.10545691052402
2018110,남강댐,기본변수,GradientBoosting,GradientBoosting,유입량급증,858,현재방류량유지,11.921037296037296,13.230313892855103,-10.982908318330876
2018110,남강댐,기본변수,GradientBoosting,GradientBoosting,유입량급증,858,최근3시간평균,14.785935897435897,13.230313892855103,10.520957316273517
2018110,남강댐,기본변수,GradientBoosting,GradientBoosting,유입량급증,858,최근6시간평균,20.012849261849265,13.230313892855103,33.89090319050067
2018110,남강댐,기본변수,GradientBoosting,GradientBoosting,유입량급증,858,최근3시간변화량반영,18.200195804195804,13.230313892855103,27.3067496899949
2018110,남강댐,기본변수,GradientBoosting,GradientBoosting,방류량변화,2211,현재방류량유지,41.74720759837178,26.725669986417458,35.98213743172655
2018110,남강댐,기본변수,GradientBoosting,GradientBoosting,방류량변화,2211,최근3시간평균,43.94886506859641,26.725669986417458,39.18916917489585
2018110,남강댐,기본변수,GradientBoosting,GradientBoosting,방류량변화,2211,최근6시간평균,43.374470601537766,26.725669986417458,38.38387047548208
2018110,남강댐,기본변수,GradientBoosting,GradientBoosting,방류량변화,2211,최근3시간변화량반영,44.31013568521031,26.725669986417458,39.68497371282512
2018110,남강댐,기본변수,RandomForest,GradientBoosting,전체,8578,현재방류량유지,11.033608650034973,12.881647912639982,-16.749182622125648
2018110,남강댐,기본변수,RandomForest,GradientBoosting,전체,8578,최근3시간평균,14.267432190875883,12.881647912639982,9.712920024404387
2018110,남강댐,기본변수,RandomForest,GradientBoosting,전체,8578,최근6시간평균,18.37381829486283,12.881647912639982,29.891284947334075
2018110,남강댐,기본변수,RandomForest,GradientBoosting,전체,8578,최근3시간변화량반영,16.432041384938216,12.881647912639982,21.606527084045457
2018110,남강댐,기본변수,RandomForest,GradientBoosting,강우발생,522,현재방류량유지,14.398605363984675,23.367599540539498,-62.29071462010498
2018110,남강댐,기본변수,RandomForest,GradientBoosting,강우발생,522,최근3시간평균,18.250975095785442,23.367599540539498,-28.034800430666294
2018110,남강댐,기본변수,RandomForest,GradientBoosting,강우발생,522,최근6시간평균,23.8572496807152,23.367599540539498,2.0524165472917266
2018110,남강댐,기본변수,RandomForest,GradientBoosting,강우발생,522,최근3시간변화량반영,19.649547892720307,23.367599540539498,-18.921817784910164
2018110,남강댐,기본변수,RandomForest,GradientBoosting,최근24시간누적강우,2072,현재방류량유지,10.57096138996139,18.759882126811227,-77.46618717788873
2018110,남강댐,기본변수,RandomForest,GradientBoosting,최근24시간누적강우,2072,최근3시간평균,13.775951898326898,18.759882126811227,-36.17848164154545
2018110,남강댐,기본변수,RandomForest,GradientBoosting,최근24시간누적강우,2072,최근6시간평균,18.265473616473617,18.759882126811227,-2.706792721168225
2018110,남강댐,기본변수,RandomForest,GradientBoosting,최근24시간누적강우,2072,최근3시간변화량반영,15.604642374517375,18.759882126811227,-20.219878652563082
2018110,남강댐,기본변수,RandomForest,GradientBoosting,유입량급증,858,현재방류량유지,11.921037296037296,14.605534751396752,-22.518992170688172
2018110,남강댐,기본변수,RandomForest,GradientBoosting,유입량급증,858,최근3시간평균,14.785935897435897,14.605534751396752,1.2200860824131485
2018110,남강댐,기본변수,RandomForest,GradientBoosting,유입량급증,858,최근6시간평균,20.012849261849265,14.605534751396752,27.01921370466994
2018110,남강댐,기본변수,RandomForest,GradientBoosting,유입량급증,858,최근3시간변화량반영,18.200195804195804,14.605534751396752,19.75067241842724
2018110,남강댐,기본변수,RandomForest,GradientBoosting,방류량변화,2211,현재방류량유지,41.74720759837178,24.181457799616386,42.076466449556
2018110,남강댐,기본변수,RandomForest,GradientBoosting,방류량변화,2211,최근3시간평균,43.94886506859641,24.181457799616386,44.97819736215394
2018110,남강댐,기본변수,RandomForest,GradientBoosting,방류량변화,2211,최근6시간평균,43.374470601537766,24.181457799616386,44.24956094159435
2018110,남강댐,기본변수,RandomForest,GradientBoosting,방류량변화,2211,최근3시간변화량반영,44.31013568521031,24.181457799616386,45.42680263629256
2018110,남강댐,기본변수,XGBoost,GradientBoosting,전체,8578,현재방류량유지,11.033608650034973,12.740039521984299,-15.465754913682908
2018110,남강댐,기본변수,XGBoost,GradientBoosting,전체,8578,최근3시간평균,14.267432190875883,12.740039521984299,10.70544894454352
2018110,남강댐,기본변수,XGBoost,GradientBoosting,전체,8578,최근6시간평균,18.37381829486283,12.740039521984299,30.66199242023466
2018110,남강댐,기본변수,XGBoost,GradientBoosting,전체,8578,최근3시간변화량반영,16.432041384938216,12.740039521984299,22.46830918000271
2018110,남강댐,기본변수,XGBoost,GradientBoosting,강우발생,522,현재방류량유지,14.398605363984675,18.31661609476462,-27.21104323464611
2018110,남강댐,기본변수,XGBoost,GradientBoosting,강우발생,522,최근3시간평균,18.250975095785442,18.31661609476462,-0.3596574902692998
2018110,남강댐,기본변수,XGBoost,GradientBoosting,강우발생,522,최근6시간평균,23.8572496807152,18.31661609476462,23.22410864664464
2018110,남강댐,기본변수,XGBoost,GradientBoosting,강우발생,522,최근3시간변화량반영,19.649547892720307,18.31661609476462,6.783524003875466
2018110,남강댐,기본변수,XGBoost,GradientBoosting,최근24시간누적강우,2072,현재방류량유지,10.57096138996139,14.600937943202647,-38.12308459539248
2018110,남강댐,기본변수,XGBoost,GradientBoosting,최근24시간누적강우,2072,최근3시간평균,13.775951898326898,14.600937943202647,-5.988595568310193
2018110,남강댐,기본변수,XGBoost,GradientBoosting,최근24시간누적강우,2072,최근6시간평균,18.265473616473617,14.600937943202647,20.062637028836352
2018110,남강댐,기본변수,XGBoost,GradientBoosting,최근24시간누적강우,2072,최근3시간변화량반영,15.604642374517375,14.600937943202647,6.432088651732217
2018110,남강댐,기본변수,XGBoost,GradientBoosting,유입량급증,858,현재방류량유지,11.921037296037296,13.657361157130527,-14.565207858802747
2018110,남강댐,기본변수,XGBoost,GradientBoosting,유입량급증,858,최근3시간평균,14.785935897435897,13.657361157130527,7.63275823819229
2018110,남강댐,기본변수,XGBoost,GradientBoosting,유입량급증,858,최근6시간평균,20.012849261849265,13.657361157130527,31.75703779888195
2018110,남강댐,기본변수,XGBoost,GradientBoosting,유입량급증,858,최근3시간변화량반영,18.200195804195804,13.657361157130527,24.960361393573518
2018110,남강댐,기본변수,XGBoost,GradientBoosting,방류량변화,2211,현재방류량유지,41.74720759837178,28.262966569506276,32.29974363456926
2018110,남강댐,기본변수,XGBoost,GradientBoosting,방류량변화,2211,최근3시간평균,43.94886506859641,28.262966569506276,35.691248168996445
2018110,남강댐,기본변수,XGBoost,GradientBoosting,방류량변화,2211,최근6시간평균,43.374470601537766,28.262966569506276,34.839627602269196
2018110,남강댐,기본변수,XGBoost,GradientBoosting,방류량변화,2211,최근3시간변화량반영,44.31013568521031,28.262966569506276,36.21557205264936
2018110,남강댐,예측유입량포함,GradientBoosting,GradientBoosting,전체,8578,현재방류량유지,11.033608650034973,12.2991257117196,-11.469656952901051
2018110,남강댐,예측유입량포함,GradientBoosting,GradientBoosting,전체,8578,최근3시간평균,14.267432190875883,12.2991257117196,13.795800483390611
2018110,남강댐,예측유입량포함,GradientBoosting,GradientBoosting,전체,8578,최근6시간평균,18.37381829486283,12.2991257117196,33.061677685370725
2018110,남강댐,예측유입량포함,GradientBoosting,GradientBoosting,전체,8578,최근3시간변화량반영,16.432041384938216,12.2991257117196,25.151565629617327
2018110,남강댐,예측유입량포함,GradientBoosting,GradientBoosting,강우발생,522,현재방류량유지,14.398605363984675,18.129773924282055,-25.91340248570307
2018110,남강댐,예측유입량포함,GradientBoosting,GradientBoosting,강우발생,522,최근3시간평균,18.250975095785442,18.129773924282055,0.664080526477595
2018110,남강댐,예측유입량포함,GradientBoosting,GradientBoosting,강우발생,522,최근6시간평균,23.8572496807152,18.129773924282055,24.007275914385467
2018110,남강댐,예측유입량포함,GradientBoosting,GradientBoosting,강우발생,522,최근3시간변화량반영,19.649547892720307,18.129773924282055,7.734396621925797
2018110,남강댐,예측유입량포함,GradientBoosting,GradientBoosting,최근24시간누적강우,2072,현재방류량유지,10.57096138996139,15.020876727184076,-42.09565405705204
2018110,남강댐,예측유입량포함,GradientBoosting,GradientBoosting,최근24시간누적강우,2072,최근3시간평균,13.775951898326898,15.020876727184076,-9.03694233288064
2018110,남강댐,예측유입량포함,GradientBoosting,GradientBoosting,최근24시간누적강우,2072,최근6시간평균,18.265473616473617,15.020876727184076,17.763551919963586
2018110,남강댐,예측유입량포함,GradientBoosting,GradientBoosting,최근24시간누적강우,2072,최근3시간변화량반영,15.604642374517375,15.020876727184076,3.740974213459694
2018110,남강댐,예측유입량포함,GradientBoosting,GradientBoosting,유입량급증,858,현재방류량유지,11.921037296037296,13.230628508898487,-10.985547485003808
2018110,남강댐,예측유입량포함,GradientBoosting,GradientBoosting,유입량급증,858,최근3시간평균,14.785935897435897,13.230628508898487,10.518829510190987
2018110,남강댐,예측유입량포함,GradientBoosting,GradientBoosting,유입량급증,858,최근6시간평균,20.012849261849265,13.230628508898487,33.88933112028084
2018110,남강댐,예측유입량포함,GradientBoosting,GradientBoosting,유입량급증,858,최근3시간변화량반영,18.200195804195804,13.230628508898487,27.305021049013394
2018110,남강댐,예측유입량포함,GradientBoosting,GradientBoosting,방류량변화,2211,현재방류량유지,41.74720759837178,26.734132226341252,35.961867237836685
2018110,남강댐,예측유입량포함,GradientBoosting,GradientBoosting,방류량변화,2211,최근3시간평균,43.94886506859641,26.734132226341252,39.16991443439098
2018110,남강댐,예측유입량포함,GradientBoosting,GradientBoosting,방류량변화,2211,최근6시간평균,43.374470601537766,26.734132226341252,38.36436075050691
2018110,남강댐,예측유입량포함,GradientBoosting,GradientBoosting,방류량변화,2211,최근3시간변화량반영,44.31013568521031,26.734132226341252,39.665875960599955
2018110,남강댐,예측유입량포함,RandomForest,GradientBoosting,전체,8578,현재방류량유지,11.033608650034973,13.00922166644107,-17.90541135786826
2018110,남강댐,예측유입량포함,RandomForest,GradientBoosting,전체,8578,최근3시간평균,14.267432190875883,13.00922166644107,8.818759448805706
2018110,남강댐,예측유입량포함,RandomForest,GradientBoosting,전체,8578,최근6시간평균,18.37381829486283,13.00922166644107,29.196961362797722
2018110,남강댐,예측유입량포함,RandomForest,GradientBoosting,전체,8578,최근3시간변화량반영,16.432041384938216,13.00922166644107,20.830155172531025
2018110,남강댐,예측유입량포함,RandomForest,GradientBoosting,강우발생,522,현재방류량유지,14.398605363984675,23.81539084339427,-65.40067764454369
2018110,남강댐,예측유입량포함,RandomForest,GradientBoosting,강우발생,522,최근3시간평균,18.250975095785442,23.81539084339427,-30.488320313876134
2018110,남강댐,예측유입량포함,RandomForest,GradientBoosting,강우발생,522,최근6시간평균,23.8572496807152,23.81539084339427,0.17545541871394565
2018110,남강댐,예측유입량포함,RandomForest,GradientBoosting,강우발생,522,최근3시간변화량반영,19.649547892720307,23.81539084339427,-21.20070636443146
2018110,남강댐,예측유입량포함,RandomForest,GradientBoosting,최근24시간누적강우,2072,현재방류량유지,10.57096138996139,19.124490276678117,-80.91533561781335
2018110,남강댐,예측유입량포함,RandomForest,GradientBoosting,최근24시간누적강우,2072,최근3시간평균,13.775951898326898,19.124490276678117,-38.825181866385606
2018110,남강댐,예측유입량포함,RandomForest,GradientBoosting,최근24시간누적강우,2072,최근6시간평균,18.265473616473617,19.124490276678117,-4.702953113845091
2018110,남강댐,예측유입량포함,RandomForest,GradientBoosting,최근24시간누적강우,2072,최근3시간변화량반영,15.604642374517375,19.124490276678117,-22.556415057026285
2018110,남강댐,예측유입량포함,RandomForest,GradientBoosting,유입량급증,858,현재방류량유지,11.921037296037296,14.671766309723104,-23.07457770139
2018110,남강댐,예측유입량포함,RandomForest,GradientBoosting,유입량급증,858,최근3시간평균,14.785935897435897,14.671766309723104,0.7721498896298566
2018110,남강댐,예측유입량포함,RandomForest,GradientBoosting,유입량급증,858,최근6시간평균,20.012849261849265,14.671766309723104,26.688268533096544
2018110,남강댐,예측유입량포함,RandomForest,GradientBoosting,유입량급증,858,최근3시간변화량반영,18.200195804195804,14.671766309723104,19.386766672363322
2018110,남강댐,예측유입량포함,RandomForest,GradientBoosting,방류량변화,2211,현재방류량유지,41.74720759837178,24.466570463196685,41.3935161877727
2018110,남강댐,예측유입량포함,RandomForest,GradientBoosting,방류량변화,2211,최근3시간평균,43.94886506859641,24.466570463196685,44.329460100940736
2018110,남강댐,예측유입량포함,RandomForest,GradientBoosting,방류량변화,2211,최근6시간평균,43.374470601537766,24.466570463196685,43.59223265694621
2018110,남강댐,예측유입량포함,RandomForest,GradientBoosting,방류량변화,2211,최근3시간변화량반영,44.31013568521031,24.466570463196685,44.78335467755506
2018110,남강댐,예측유입량포함,XGBoost,GradientBoosting,전체,8578,현재방류량유지,11.033608650034973,12.7759380894361,-15.791111454688075
2018110,남강댐,예측유입량포함,XGBoost,GradientBoosting,전체,8578,최근3시간평균,14.267432190875883,12.7759380894361,10.45383697280583
2018110,남강댐,예측유입량포함,XGBoost,GradientBoosting,전체,8578,최근6시간평균,18.37381829486283,12.7759380894361,30.466613501842737
2018110,남강댐,예측유입량포함,XGBoost,GradientBoosting,전체,8578,최근3시간변화량반영,16.432041384938216,12.7759380894361,22.24984230415425
2018110,남강댐,예측유입량포함,XGBoost,GradientBoosting,강우발생,522,현재방류량유지,14.398605363984675,18.112952843443185,-25.79657810991356
2018110,남강댐,예측유입량포함,XGBoost,GradientBoosting,강우발생,522,최근3시간평균,18.250975095785442,18.112952843443185,0.7562459080563271
2018110,남강댐,예측유입량포함,XGBoost,GradientBoosting,강우발생,522,최근6시간평균,23.8572496807152,18.112952843443185,24.07778312315424
2018110,남강댐,예측유입량포함,XGBoost,GradientBoosting,강우발생,522,최근3시간변화량반영,19.649547892720307,18.112952843443185,7.820002056364836
2018110,남강댐,예측유입량포함,XGBoost,GradientBoosting,최근24시간누적강우,2072,현재방류량유지,10.57096138996139,14.615900135632188,-38.26462510318158
2018110,남강댐,예측유입량포함,XGBoost,GradientBoosting,최근24시간누적강우,2072,최근3시간평균,13.775951898326898,14.615900135632188,-6.097206519770893
2018110,남강댐,예측유입량포함,XGBoost,GradientBoosting,최근24시간누적강우,2072,최근6시간평균,18.265473616473617,14.615900135632188,19.980721866143572
2018110,남강댐,예측유입량포함,XGBoost,GradientBoosting,최근24시간누적강우,2072,최근3시간변화량반영,15.604642374517375,14.615900135632188,6.336205695427015
2018110,남강댐,예측유입량포함,XGBoost,GradientBoosting,유입량급증,858,현재방류량유지,11.921037296037296,13.54338193886319,-13.609089566099938
2018110,남강댐,예측유입량포함,XGBoost,GradientBoosting,유입량급증,858,최근3시간평균,14.785935897435897,13.54338193886319,8.403620624300043
2018110,남강댐,예측유입량포함,XGBoost,GradientBoosting,유입량급증,858,최근6시간평균,20.012849261849265,13.54338193886319,32.32656798809202
2018110,남강댐,예측유입량포함,XGBoost,GradientBoosting,유입량급증,858,최근3시간변화량반영,18.200195804195804,13.54338193886319,25.586614097080485
2018110,남강댐,예측유입량포함,XGBoost,GradientBoosting,방류량변화,2211,현재방류량유지,41.74720759837178,28.41648487314063,31.932010527456388
2018110,남강댐,예측유입량포함,XGBoost,GradientBoosting,방류량변화,2211,최근3시간평균,43.94886506859641,28.41648487314063,35.341936978833196
2018110,남강댐,예측유입량포함,XGBoost,GradientBoosting,방류량변화,2211,최근6시간평균,43.374470601537766,28.41648487314063,34.485690593920076
2018110,남강댐,예측유입량포함,XGBoost,GradientBoosting,방류량변화,2211,최근3시간변화량반영,44.31013568521031,28.41648487314063,35.869108876086365
2021110,밀양댐,기본변수,GradientBoosting,XGBoost,전체,8760,현재방류량유지,0.09726563926940639,0.23054176316746916,-137.02282213857097
2021110,밀양댐,기본변수,GradientBoosting,XGBoost,전체,8760,최근3시간평균,0.11603504566210049,0.23054176316746916,-98.68287365423858
2021110,밀양댐,기본변수,GradientBoosting,XGBoost,전체,8760,최근6시간평균,0.14249625190258752,0.23054176316746916,-61.787948868346945
2021110,밀양댐,기본변수,GradientBoosting,XGBoost,전체,8760,최근3시간변화량반영,0.1394940639269406,0.23054176316746916,-65.26994531338221
2021110,밀양댐,기본변수,GradientBoosting,XGBoost,강우발생,587,현재방류량유지,0.19758432708688248,0.36291832731706064,-83.67768975799224
2021110,밀양댐,기본변수,GradientBoosting,XGBoost,강우발생,587,최근3시간평균,0.22246961953435504,0.36291832731706064,-63.13163481677853
2021110,밀양댐,기본변수,GradientBoosting,XGBoost,강우발생,587,최근6시간평균,0.26546223736513347,0.36291832731706064,-36.71184682206981
2021110,밀양댐,기본변수,GradientBoosting,XGBoost,강우발생,587,최근3시간변화량반영,0.1867444633730835,0.36291832731706064,-94.33953797709755
2021110,밀양댐,기본변수,GradientBoosting,XGBoost,최근24시간누적강우,2254,현재방류량유지,0.17248136645962733,0.5297575045049476,-207.13897702622148
2021110,밀양댐,기본변수,GradientBoosting,XGBoost,최근24시간누적강우,2254,최근3시간평균,0.21334900916888497,0.5297575045049476,-148.3055846233609
2021110,밀양댐,기본변수,GradientBoosting,XGBoost,최근24시간누적강우,2254,최근6시간평균,0.26830412599822534,0.5297575045049476,-97.44664847548846
2021110,밀양댐,기본변수,GradientBoosting,XGBoost,최근24시간누적강우,2254,최근3시간변화량반영,0.23473425022182787,0.5297575045049476,-125.68394003189469
2021110,밀양댐,기본변수,GradientBoosting,XGBoost,유입량급증,876,현재방류량유지,0.16073173515981737,0.29642696148586073,-84.42341905356778
2021110,밀양댐,기본변수,GradientBoosting,XGBoost,유입량급증,876,최근3시간평균,0.22130479452054785,0.29642696148586073,-33.945114984093976
2021110,밀양댐,기본변수,GradientBoosting,XGBoost,유입량급증,876,최근6시간평균,0.2662699771689498,0.29642696148586073,-11.325717092684528
2021110,밀양댐,기본변수,GradientBoosting,XGBoost,유입량급증,876,최근3시간변화량반영,0.18689954337899542,0.29642696148586073,-58.60229304293446
2021110,밀양댐,기본변수,GradientBoosting,XGBoost,방류량변화,22,현재방류량유지,18.672818181818176,16.55550613229476,11.339006404427238
2021110,밀양댐,기본변수,GradientBoosting,XGBoost,방류량변화,22,최근3시간평균,19.566742424242424,16.55550613229476,15.389563713052517
2021110,밀양댐,기본변수,GradientBoosting,XGBoost,방류량변화,22,최근6시간평균,20.38521212121212,16.55550613229476,18.786686967717674
2021110,밀양댐,기본변수,GradientBoosting,XGBoost,방류량변화,22,최근3시간변화량반영,19.754818181818184,16.55550613229476,16.19509741916019
2021110,밀양댐,기본변수,RandomForest,XGBoost,전체,8760,현재방류량유지,0.09726563926940639,0.33944989664728986,-248.99261362697823
2021110,밀양댐,기본변수,RandomForest,XGBoost,전체,8760,최근3시간평균,0.11603504566210049,0.33944989664728986,-192.54083945964388
2021110,밀양댐,기본변수,RandomForest,XGBoost,전체,8760,최근6시간평균,0.14249625190258752,0.33944989664728986,-138.21671946806197
2021110,밀양댐,기본변수,RandomForest,XGBoost,전체,8760,최근3시간변화량반영,0.1394940639269406,0.33944989664728986,-143.34361412330438
2021110,밀양댐,기본변수,RandomForest,XGBoost,강우발생,587,현재방류량유지,0.19758432708688248,0.46692406014021937,-136.31634503828934
2021110,밀양댐,기본변수,RandomForest,XGBoost,강우발생,587,최근3시간평균,0.22246961953435504,0.46692406014021937,-109.8821677843137
2021110,밀양댐,기본변수,RandomForest,XGBoost,강우발생,587,최근6시간평균,0.26546223736513347,0.46692406014021937,-75.89095337050995
2021110,밀양댐,기본변수,RandomForest,XGBoost,강우발생,587,최근3시간변화량반영,0.1867444633730835,0.46692406014021937,-150.03368330518316
2021110,밀양댐,기본변수,RandomForest,XGBoost,최근24시간누적강우,2254,현재방류량유지,0.17248136645962733,0.8453283317923821,-390.09835041528845
2021110,밀양댐,기본변수,RandomForest,XGBoost,최근24시간누적강우,2254,최근3시간평균,0.21334900916888497,0.8453283317923821,-296.21854119942435
2021110,밀양댐,기본변수,RandomForest,XGBoost,최근24시간누적강우,2254,최근6시간평균,0.26830412599822534,0.8453283317923821,-215.06348575421214
2021110,밀양댐,기본변수,RandomForest,XGBoost,최근24시간누적강우,2254,최근3시간변화량반영,0.23473425022182787,0.8453283317923821,-260.1214271004476
2021110,밀양댐,기본변수,RandomForest,XGBoost,유입량급증,876,현재방류량유지,0.16073173515981737,0.2181730676727509,-35.73739340013905
2021110,밀양댐,기본변수,RandomForest,XGBoost,유입량급증,876,최근3시간평균,0.22130479452054785,0.2181730676727509,1.4151192948990394
2021110,밀양댐,기본변수,RandomForest,XGBoost,유입량급증,876,최근6시간평균,0.2662699771689498,0.2181730676727509,18.063211634889324
2021110,밀양댐,기본변수,RandomForest,XGBoost,유입량급증,876,최근3시간변화량반영,0.18689954337899542,0.2181730676727509,-16.732798661973693
2021110,밀양댐,기본변수,RandomForest,XGBoost,방류량변화,22,현재방류량유지,18.672818181818176,15.987449680801523,14.381163436976054
2021110,밀양댐,기본변수,RandomForest,XGBoost,방류량변화,22,최근3시간평균,19.566742424242424,15.987449680801523,18.29273706289657
2021110,밀양댐,기본변수,RandomForest,XGBoost,방류량변화,22,최근6시간평균,20.38521212121212,15.987449680801523,21.57329741903663
2021110,밀양댐,기본변수,RandomForest,XGBoost,방류량변화,22,최근3시간변화량반영,19.754818181818184,15.987449680801523,19.070631105499352
2021110,밀양댐,기본변수,XGBoost,XGBoost,전체,8760,현재방류량유지,0.09726563926940639,0.33325292797436995,-242.62143391802104
2021110,밀양댐,기본변수,XGBoost,XGBoost,전체,8760,최근3시간평균,0.11603504566210049,0.33325292797436995,-187.20023857690217
2021110,밀양댐,기본변수,XGBoost,XGBoost,전체,8760,최근6시간평균,0.14249625190258752,0.33325292797436995,-133.8678551364189
2021110,밀양댐,기본변수,XGBoost,XGBoost,전체,8760,최근3시간변화량반영,0.1394940639269406,0.33325292797436995,-138.90115363540465
2021110,밀양댐,기본변수,XGBoost,XGBoost,강우발생,587,현재방류량유지,0.19758432708688248,0.3104662217850173,-57.130996350989925
2021110,밀양댐,기본변수,XGBoost,XGBoost,강우발생,587,최근3시간평균,0.22246961953435504,0.3104662217850173,-39.554435538140226
2021110,밀양댐,기본변수,XGBoost,XGBoost,강우발생,587,최근6시간평균,0.26546223736513347,0.3104662217850173,-16.95306453624985
2021110,밀양댐,기본변수,XGBoost,XGBoost,강우발생,587,최근3시간변화량반영,0.1867444633730835,0.3104662217850173,-66.25190175772916
2021110,밀양댐,기본변수,XGBoost,XGBoost,최근24시간누적강우,2254,현재방류량유지,0.17248136645962733,0.3217362975139162,-86.53394515472192
2021110,밀양댐,기본변수,XGBoost,XGBoost,최근24시간누적강우,2254,최근3시간평균,0.21334900916888497,0.3217362975139162,-50.8028083970303
2021110,밀양댐,기본변수,XGBoost,XGBoost,최근24시간누적강우,2254,최근6시간평균,0.26830412599822534,0.3217362975139162,-19.91477817081511
2021110,밀양댐,기본변수,XGBoost,XGBoost,최근24시간누적강우,2254,최근3시간변화량반영,0.23473425022182787,0.3217362975139162,-37.06406168246428
2021110,밀양댐,기본변수,XGBoost,XGBoost,유입량급증,876,현재방류량유지,0.16073173515981737,0.24019232396339174,-49.43677657966289
2021110,밀양댐,기본변수,XGBoost,XGBoost,유입량급증,876,최근3시간평균,0.22130479452054785,0.24019232396339174,-8.534622796475476
2021110,밀양댐,기본변수,XGBoost,XGBoost,유입량급증,876,최근6시간평균,0.2662699771689498,0.24019232396339174,9.793688902827986
2021110,밀양댐,기본변수,XGBoost,XGBoost,유입량급증,876,최근3시간변화량반영,0.18689954337899542,0.24019232396339174,-28.514130971593154
2021110,밀양댐,기본변수,XGBoost,XGBoost,방류량변화,22,현재방류량유지,18.672818181818176,19.738886935667562,-5.709201168613225
2021110,밀양댐,기본변수,XGBoost,XGBoost,방류량변화,22,최근3시간평균,19.566742424242424,19.738886935667562,-0.8797811495277712
2021110,밀양댐,기본변수,XGBoost,XGBoost,방류량변화,22,최근6시간평균,20.38521212121212,19.738886935667562,3.170559039079194
2021110,밀양댐,기본변수,XGBoost,XGBoost,방류량변화,22,최근3시간변화량반영,19.754818181818184,19.738886935667562,0.08064486346568608
2021110,밀양댐,예측유입량포함,GradientBoosting,XGBoost,전체,8760,현재방류량유지,0.09726563926940639,0.24667820325843828,-153.61289465767965
2021110,밀양댐,예측유입량포함,GradientBoosting,XGBoost,전체,8760,최근3시간평균,0.11603504566210049,0.24667820325843828,-112.58939646283832
2021110,밀양댐,예측유입량포함,GradientBoosting,XGBoost,전체,8760,최근6시간평균,0.14249625190258752,0.24667820325843828,-73.11206432788914
2021110,밀양댐,예측유입량포함,GradientBoosting,XGBoost,전체,8760,최근3시간변화량반영,0.1394940639269406,0.24667820325843828,-76.83777812053341
2021110,밀양댐,예측유입량포함,GradientBoosting,XGBoost,강우발생,587,현재방류량유지,0.19758432708688248,0.3738071108560858,-89.18864485223772
2021110,밀양댐,예측유입량포함,GradientBoosting,XGBoost,강우발생,587,최근3시간평균,0.22246961953435504,0.3738071108560858,-68.02613841768196
2021110,밀양댐,예측유입량포함,GradientBoosting,XGBoost,강우발생,587,최근6시간평균,0.26546223736513347,0.3738071108560858,-40.81366697061623
2021110,밀양댐,예측유입량포함,GradientBoosting,XGBoost,강우발생,587,최근3시간변화량반영,0.1867444633730835,0.3738071108560858,-100.17038476224225
2021110,밀양댐,예측유입량포함,GradientBoosting,XGBoost,최근24시간누적강우,2254,현재방류량유지,0.17248136645962733,0.5746780977307153,-233.18271389346287
2021110,밀양댐,예측유입량포함,GradientBoosting,XGBoost,최근24시간누적강우,2254,최근3시간평균,0.21334900916888497,0.5746780977307153,-169.3605655678512
2021110,밀양댐,예측유입량포함,GradientBoosting,XGBoost,최근24시간누적강우,2254,최근6시간평균,0.26830412599822534,0.5746780977307153,-114.18906458953093
2021110,밀양댐,예측유입량포함,GradientBoosting,XGBoost,최근24시간누적강우,2254,최근3시간변화량반영,0.23473425022182787,0.5746780977307153,-144.820726923163
2021110,밀양댐,예측유입량포함,GradientBoosting,XGBoost,유입량급증,876,현재방류량유지,0.16073173515981737,0.3185191950683363,-98.16820539617089
2021110,밀양댐,예측유입량포함,GradientBoosting,XGBoost,유입량급증,876,최근3시간평균,0.22130479452054785,0.3185191950683363,-43.92783299539506
2021110,밀양댐,예측유입량포함,GradientBoosting,XGBoost,유입량급증,876,최근6시간평균,0.2662699771689498,0.3185191950683363,-19.622647079822336
2021110,밀양댐,예측유입량포함,GradientBoosting,XGBoost,유입량급증,876,최근3시간변화량반영,0.18689954337899542,0.3185191950683363,-70.42267161800507
2021110,밀양댐,예측유입량포함,GradientBoosting,XGBoost,방류량변화,22,현재방류량유지,18.672818181818176,16.32451788899797,12.576035764685795
2021110,밀양댐,예측유입량포함,GradientBoosting,XGBoost,방류량변화,22,최근3시간평균,19.566742424242424,16.32451788899797,16.570078273363812
2021110,밀양댐,예측유입량포함,GradientBoosting,XGBoost,방류량변화,22,최근6시간평균,20.38521212121212,16.32451788899797,19.919803669782453
2021110,밀양댐,예측유입량포함,GradientBoosting,XGBoost,방류량변화,22,최근3시간변화량반영,19.754818181818184,16.32451788899797,17.36437288993817
2021110,밀양댐,예측유입량포함,RandomForest,XGBoost,전체,8760,현재방류량유지,0.09726563926940639,0.33462120753769947,-244.02817896550863
2021110,밀양댐,예측유입량포함,RandomForest,XGBoost,전체,8760,최근3시간평균,0.11603504566210049,0.33462120753769947,-188.37943366880052
2021110,밀양댐,예측유입량포함,RandomForest,XGBoost,전체,8760,최근6시간평균,0.14249625190258752,0.33462120753769947,-134.82807657737646
2021110,밀양댐,예측유입량포함,RandomForest,XGBoost,전체,8760,최근3시간변화량반영,0.1394940639269406,0.33462120753769947,-139.88204093971757
2021110,밀양댐,예측유입량포함,RandomForest,XGBoost,강우발생,587,현재방류량유지,0.19758432708688248,0.45361214565219,-129.57901182755558
2021110,밀양댐,예측유입량포함,RandomForest,XGBoost,강우발생,587,최근3시간평균,0.22246961953435504,0.45361214565219,-103.89846784546715
2021110,밀양댐,예측유입량포함,RandomForest,XGBoost,강우발생,587,최근6시간평균,0.26546223736513347,0.45361214565219,-70.87633636880084
2021110,밀양댐,예측유입량포함,RandomForest,XGBoost,강우발생,587,최근3시간변화량반영,0.1867444633730835,0.45361214565219,-142.90527143819546
2021110,밀양댐,예측유입량포함,RandomForest,XGBoost,최근24시간누적강우,2254,현재방류량유지,0.17248136645962733,0.821316874143578,-376.17716104761
2021110,밀양댐,예측유입량포함,RandomForest,XGBoost,최근24시간누적강우,2254,최근3시간평균,0.21334900916888497,0.821316874143578,-284.96399741581723
2021110,밀양댐,예측유입량포함,RandomForest,XGBoost,최근24시간누적강우,2254,최근6시간평균,0.26830412599822534,0.821316874143578,-206.1141423330219
2021110,밀양댐,예측유입량포함,RandomForest,XGBoost,최근24시간누적강우,2254,최근3시간변화량반영,0.23473425022182787,0.821316874143578,-249.8922178452525
2021110,밀양댐,예측유입량포함,RandomForest,XGBoost,유입량급증,876,현재방류량유지,0.16073173515981737,0.21019730740783818,-30.77523688700096
2021110,밀양댐,예측유입량포함,RandomForest,XGBoost,유입량급증,876,최근3시간평균,0.22130479452054785,0.21019730740783818,5.019090136196014
2021110,밀양댐,예측유입량포함,RandomForest,XGBoost,유입량급증,876,최근6시간평균,0.2662699771689498,0.21019730740783818,21.058577597553622
2021110,밀양댐,예측유입량포함,RandomForest,XGBoost,유입량급증,876,최근3시간변화량반영,0.18689954337899542,0.21019730740783818,-12.465393765890315
2021110,밀양댐,예측유입량포함,RandomForest,XGBoost,방류량변화,22,현재방류량유지,18.672818181818176,15.942576204381476,14.621477866127092
2021110,밀양댐,예측유입량포함,RandomForest,XGBoost,방류량변화,22,최근3시간평균,19.566742424242424,15.942576204381476,18.522072511011075
2021110,밀양댐,예측유입량포함,RandomForest,XGBoost,방류량변화,22,최근6시간평균,20.38521212121212,15.942576204381476,21.793425010318128
2021110,밀양댐,예측유입량포함,RandomForest,XGBoost,방류량변화,22,최근3시간변화량반영,19.754818181818184,15.942576204381476,19.297783165351508
2021110,밀양댐,예측유입량포함,XGBoost,XGBoost,전체,8760,현재방류량유지,0.09726563926940639,0.33436377123109834,-243.76350553249074
2021110,밀양댐,예측유입량포함,XGBoost,XGBoost,전체,8760,최근3시간평균,0.11603504566210049,0.33436377123109834,-188.1575728463807
2021110,밀양댐,예측유입량포함,XGBoost,XGBoost,전체,8760,최근6시간평균,0.14249625190258752,0.33436377123109834,-134.64741476826646
2021110,밀양댐,예측유입량포함,XGBoost,XGBoost,전체,8760,최근3시간변화량반영,0.1394940639269406,0.33436377123109834,-139.6974909313846
2021110,밀양댐,예측유입량포함,XGBoost,XGBoost,강우발생,587,현재방류량유지,0.19758432708688248,0.3230268630591527,-63.488100408444936
2021110,밀양댐,예측유입량포함,XGBoost,XGBoost,강우발생,587,최근3시간평균,0.22246961953435504,0.3230268630591527,-45.2004384847114
2021110,밀양댐,예측유입량포함,XGBoost,XGBoost,강우발생,587,최근6시간평균,0.26546223736513347,0.3230268630591527,-21.684675856491484
2021110,밀양댐,예측유입량포함,XGBoost,XGBoost,강우발생,587,최근3시간변화량반영,0.1867444633730835,0.3230268630591527,-72.97801349740702
2021110,밀양댐,예측유입량포함,XGBoost,XGBoost,최근24시간누적강우,2254,현재방류량유지,0.17248136645962733,0.3236497433039607,-87.64330892503527
2021110,밀양댐,예측유입량포함,XGBoost,XGBoost,최근24시간누적강우,2254,최근3시간평균,0.21334900916888497,0.3236497433039607,-51.69967020927796
2021110,밀양댐,예측유입량포함,XGBoost,XGBoost,최근24시간누적강우,2254,최근6시간평균,0.26830412599822534,0.3236497433039607,-20.627941184214745
2021110,밀양댐,예측유입량포함,XGBoost,XGBoost,최근24시간누적강우,2254,최근3시간변화량반영,0.23473425022182787,0.3236497433039607,-37.87921575062274
2021110,밀양댐,예측유입량포함,XGBoost,XGBoost,유입량급증,876,현재방류량유지,0.16073173515981737,0.23414405510088082,-45.67381784814851
2021110,밀양댐,예측유입량포함,XGBoost,XGBoost,유입량급증,876,최근3시간평균,0.22130479452054785,0.23414405510088082,-5.801618807287458
2021110,밀양댐,예측유입량포함,XGBoost,XGBoost,유입량급증,876,최근6시간평균,0.2662699771689498,0.23414405510088082,12.065168747013821
2021110,밀양댐,예측유입량포함,XGBoost,XGBoost,유입량급증,876,최근3시간변화량반영,0.18689954337899542,0.23414405510088082,-25.278024155512703
2021110,밀양댐,예측유입량포함,XGBoost,XGBoost,방류량변화,22,현재방류량유지,18.672818181818176,19.631873885588213,-5.136105832722534
2021110,밀양댐,예측유입량포함,XGBoost,XGBoost,방류량변화,22,최근3시간평균,19.566742424242424,19.631873885588213,-0.3328681899808415
2021110,밀양댐,예측유입량포함,XGBoost,XGBoost,방류량변화,22,최근6시간평균,20.38521212121212,19.631873885588213,3.6955133512690335
2021110,밀양댐,예측유입량포함,XGBoost,XGBoost,방류량변화,22,최근3시간변화량반영,19.754818181818184,19.631873885588213,0.6223509378746164
3001110,용담댐,기본변수,GradientBoosting,GradientBoosting,전체,8668,현재방류량유지,0.8429194739270882,7.997826863703146,-848.8245450590872
3001110,용담댐,기본변수,GradientBoosting,GradientBoosting,전체,8668,최근3시간평균,0.9131865866789722,7.997826863703146,-775.8151926857809
3001110,용담댐,기본변수,GradientBoosting,GradientBoosting,전체,8668,최근6시간평균,1.0070263613290262,7.997826863703146,-694.2023338046473
3001110,용담댐,기본변수,GradientBoosting,GradientBoosting,전체,8668,최근3시간변화량반영,1.5269841947392708,7.997826863703146,-423.7661850893458
3001110,용담댐,기본변수,GradientBoosting,GradientBoosting,강우발생,618,현재방류량유지,1.3244886731391585,9.23244079724441,-597.0569839123416
3001110,용담댐,기본변수,GradientBoosting,GradientBoosting,강우발생,618,최근3시간평균,1.6806742179072285,9.23244079724441,-449.3295904033456
3001110,용담댐,기본변수,GradientBoosting,GradientBoosting,강우발생,618,최근6시간평균,2.161033710895361,9.23244079724441,-327.2233584648348
3001110,용담댐,기본변수,GradientBoosting,GradientBoosting,강우발생,618,최근3시간변화량반영,1.7142734627831715,9.23244079724441,-438.5628954586558
3001110,용담댐,기본변수,GradientBoosting,GradientBoosting,최근24시간누적강우,2739,현재방류량유지,1.0439722526469515,8.032830697153024,-669.448678045426
3001110,용담댐,기본변수,GradientBoosting,GradientBoosting,최근24시간누적강우,2739,최근3시간평균,1.2336390410125357,8.032830697153024,-551.1491960046843
3001110,용담댐,기본변수,GradientBoosting,GradientBoosting,최근24시간누적강우,2739,최근6시간평균,1.4951260192284288,8.032830697153024,-437.26780176686566
3001110,용담댐,기본변수,GradientBoosting,GradientBoosting,최근24시간누적강우,2739,최근3시간변화량반영,1.6909740781307048,8.032830697153024,-375.04162252049156
3001110,용담댐,기본변수,GradientBoosting,GradientBoosting,유입량급증,867,현재방류량유지,0.9617716262975777,10.206735670819697,-961.2431674774396
3001110,용담댐,기본변수,GradientBoosting,GradientBoosting,유입량급증,867,최근3시간평균,1.0770000000000004,10.206735670819697,-847.7006193890152
3001110,용담댐,기본변수,GradientBoosting,GradientBoosting,유입량급증,867,최근6시간평균,1.2263779315647827,10.206735670819697,-732.2667432376683
3001110,용담댐,기본변수,GradientBoosting,GradientBoosting,유입량급증,867,최근3시간변화량반영,1.4676447520184548,10.206735670819697,-595.4500165508276
3001110,용담댐,기본변수,GradientBoosting,GradientBoosting,방류량변화,486,현재방류량유지,10.163386831275721,13.787391994628372,-35.657455762684584
3001110,용담댐,기본변수,GradientBoosting,GradientBoosting,방류량변화,486,최근3시간평균,8.334806584362141,13.787391994628372,-65.41945940888938
3001110,용담댐,기본변수,GradientBoosting,GradientBoosting,방류량변화,486,최근6시간평균,7.666115912208505,13.787391994628372,-79.84846762715345
3001110,용담댐,기본변수,GradientBoosting,GradientBoosting,방류량변화,486,최근3시간변화량반영,13.460172839506173,13.787391994628372,-2.4310174841276706
3001110,용담댐,기본변수,RandomForest,GradientBoosting,전체,8668,현재방류량유지,0.8429194739270882,2.034920624076648,-141.41340745114485
3001110,용담댐,기본변수,RandomForest,GradientBoosting,전체,8668,최근3시간평균,0.9131865866789722,2.034920624076648,-122.83733179624747
3001110,용담댐,기본변수,RandomForest,GradientBoosting,전체,8668,최근6시간평균,1.0070263613290262,2.034920624076648,-102.07222990578471
3001110,용담댐,기본변수,RandomForest,GradientBoosting,전체,8668,최근3시간변화량반영,1.5269841947392708,2.034920624076648,-33.264026640701836
3001110,용담댐,기본변수,RandomForest,GradientBoosting,강우발생,618,현재방류량유지,1.3244886731391585,4.230987656820168,-219.4430985047492
3001110,용담댐,기본변수,RandomForest,GradientBoosting,강우발생,618,최근3시간평균,1.6806742179072285,4.230987656820168,-151.74347364527216
3001110,용담댐,기본변수,RandomForest,GradientBoosting,강우발생,618,최근6시간평균,2.161033710895361,4.230987656820168,-95.78536121341588
3001110,용담댐,기본변수,RandomForest,GradientBoosting,강우발생,618,최근3시간변화량반영,1.7142734627831715,4.230987656820168,-146.80937718950858
3001110,용담댐,기본변수,RandomForest,GradientBoosting,최근24시간누적강우,2739,현재방류량유지,1.0439722526469515,3.010471878048202,-188.36703948934144
3001110,용담댐,기본변수,RandomForest,GradientBoosting,최근24시간누적강우,2739,최근3시간평균,1.2336390410125357,3.010471878048202,-144.0318260013312
3001110,용담댐,기본변수,RandomForest,GradientBoosting,최근24시간누적강우,2739,최근6시간평균,1.4951260192284288,3.010471878048202,-101.35238363397481
3001110,용담댐,기본변수,RandomForest,GradientBoosting,최근24시간누적강우,2739,최근3시간변화량반영,1.6909740781307048,3.010471878048202,-78.03181710367448
3001110,용담댐,기본변수,RandomForest,GradientBoosting,유입량급증,867,현재방류량유지,0.9617716262975777,3.12238274654437,-224.64908104684375
3001110,용담댐,기본변수,RandomForest,GradientBoosting,유입량급증,867,최근3시간평균,1.0770000000000004,3.12238274654437,-189.91483254822364
3001110,용담댐,기본변수,RandomForest,GradientBoosting,유입량급증,867,최근6시간평균,1.2263779315647827,3.12238274654437,-154.6020004257906
3001110,용담댐,기본변수,RandomForest,GradientBoosting,유입량급증,867,최근3시간변화량반영,1.4676447520184548,3.12238274654437,-112.74785619954355
3001110,용담댐,기본변수,RandomForest,GradientBoosting,방류량변화,486,현재방류량유지,10.163386831275721,9.056410485149398,10.891805699256008
3001110,용담댐,기본변수,RandomForest,GradientBoosting,방류량변화,486,최근3시간평균,8.334806584362141,9.056410485149398,-8.657716210729326
3001110,용담댐,기본변수,RandomForest,GradientBoosting,방류량변화,486,최근6시간평균,7.666115912208505,9.056410485149398,-18.135579853766753
3001110,용담댐,기본변수,RandomForest,GradientBoosting,방류량변화,486,최근3시간변화량반영,13.460172839506173,9.056410485149398,32.71698221758006
3001110,용담댐,기본변수,XGBoost,GradientBoosting,전체,8668,현재방류량유지,0.8429194739270882,1.9936700890228176,-136.51963807817643
3001110,용담댐,기본변수,XGBoost,GradientBoosting,전체,8668,최근3시간평균,0.9131865866789722,1.9936700890228176,-118.32012406941821
3001110,용담댐,기본변수,XGBoost,GradientBoosting,전체,8668,최근6시간평균,1.0070263613290262,1.9936700890228176,-97.97595828491174
3001110,용담댐,기본변수,XGBoost,GradientBoosting,전체,8668,최근3시간변화량반영,1.5269841947392708,1.9936700890228176,-30.56258839425855
3001110,용담댐,기본변수,XGBoost,GradientBoosting,강우발생,618,현재방류량유지,1.3244886731391585,3.9242212921932675,-196.28198200385557
3001110,용담댐,기본변수,XGBoost,GradientBoosting,강우발생,618,최근3시간평균,1.6806742179072285,3.9242212921932675,-133.49089611666076
3001110,용담댐,기본변수,XGBoost,GradientBoosting,강우발생,618,최근6시간평균,2.161033710895361,3.9242212921932675,-81.59000817101467
3001110,용담댐,기본변수,XGBoost,GradientBoosting,강우발생,618,최근3시간변화량반영,1.7142734627831715,3.9242212921932675,-128.91454469709768
3001110,용담댐,기본변수,XGBoost,GradientBoosting,최근24시간누적강우,2739,현재방류량유지,1.0439722526469515,2.905847857633704,-178.3453152386032
3001110,용담댐,기본변수,XGBoost,GradientBoosting,최근24시간누적강우,2739,최근3시간평균,1.2336390410125357,2.905847857633704,-135.55089949558237
3001110,용담댐,기본변수,XGBoost,GradientBoosting,최근24시간누적강우,2739,최근6시간평균,1.4951260192284288,2.905847857633704,-94.35471125927492
3001110,용담댐,기본변수,XGBoost,GradientBoosting,최근24시간누적강우,2739,최근3시간변화량반영,1.6909740781307048,2.905847857633704,-71.84461283084761
3001110,용담댐,기본변수,XGBoost,GradientBoosting,유입량급증,867,현재방류량유지,0.9617716262975777,2.9115425890754256,-202.7270205800995
3001110,용담댐,기본변수,XGBoost,GradientBoosting,유입량급증,867,최근3시간평균,1.0770000000000004,2.9115425890754256,-170.33821625584258
3001110,용담댐,기본변수,XGBoost,GradientBoosting,유입량급증,867,최근6시간평균,1.2263779315647827,2.9115425890754256,-137.40989740091592
3001110,용담댐,기본변수,XGBoost,GradientBoosting,유입량급증,867,최근3시간변화량반영,1.4676447520184548,2.9115425890754256,-98.3819711869085
3001110,용담댐,기본변수,XGBoost,GradientBoosting,방류량변화,486,현재방류량유지,10.163386831275721,7.628732537979943,24.939071348695535
3001110,용담댐,기본변수,XGBoost,GradientBoosting,방류량변화,486,최근3시간평균,8.334806584362141,7.628732537979943,8.471390898343612
3001110,용담댐,기본변수,XGBoost,GradientBoosting,방류량변화,486,최근6시간평균,7.666115912208505,7.628732537979943,0.48764426023128626
3001110,용담댐,기본변수,XGBoost,GradientBoosting,방류량변화,486,최근3시간변화량반영,13.460172839506173,7.628732537979943,43.323665832958014
3001110,용담댐,예측유입량포함,GradientBoosting,GradientBoosting,전체,8668,현재방류량유지,0.8429194739270882,7.88192782141397,-835.0748280488474
3001110,용담댐,예측유입량포함,GradientBoosting,GradientBoosting,전체,8668,최근3시간평균,0.9131865866789722,7.88192782141397,-763.123477325542
3001110,용담댐,예측유입량포함,GradientBoosting,GradientBoosting,전체,8668,최근6시간평균,1.0070263613290262,7.88192782141397,-682.6932962322626
3001110,용담댐,예측유입량포함,GradientBoosting,GradientBoosting,전체,8668,최근3시간변화량반영,1.5269841947392708,7.88192782141397,-416.1761234051143
3001110,용담댐,예측유입량포함,GradientBoosting,GradientBoosting,강우발생,618,현재방류량유지,1.3244886731391585,9.511083913756176,-618.0947717139809
3001110,용담댐,예측유입량포함,GradientBoosting,GradientBoosting,강우발생,618,최근3시간평균,1.6806742179072285,9.511083913756176,-465.9088366095932
3001110,용담댐,예측유입량포함,GradientBoosting,GradientBoosting,강우발생,618,최근6시간평균,2.161033710895361,9.511083913756176,-340.11733208065215
3001110,용담댐,예측유입량포함,GradientBoosting,GradientBoosting,강우발생,618,최근3시간변화량반영,1.7142734627831715,9.511083913756176,-454.8171934199263
3001110,용담댐,예측유입량포함,GradientBoosting,GradientBoosting,최근24시간누적강우,2739,현재방류량유지,1.0439722526469515,8.053488915543321,-671.4274871888606
3001110,용담댐,예측유입량포함,GradientBoosting,GradientBoosting,최근24시간누적강우,2739,최근3시간평균,1.2336390410125357,8.053488915543321,-552.8237716060969
3001110,용담댐,예측유입량포함,GradientBoosting,GradientBoosting,최근24시간누적강우,2739,최근6시간평균,1.4951260192284288,8.053488915543321,-438.6495059258875
3001110,용담댐,예측유입량포함,GradientBoosting,GradientBoosting,최근24시간누적강우,2739,최근3시간변화량반영,1.6909740781307048,8.053488915543321,-376.26329816043597
3001110,용담댐,예측유입량포함,GradientBoosting,GradientBoosting,유입량급증,867,현재방류량유지,0.9617716262975777,10.20503059572163,-961.0658826572758
3001110,용담댐,예측유입량포함,GradientBoosting,GradientBoosting,유입량급증,867,최근3시간평균,1.0770000000000004,10.20503059572163,-847.5423022954155
3001110,용담댐,예측유입량포함,GradientBoosting,GradientBoosting,유입량급증,867,최근6시간평균,1.2263779315647827,10.20503059572163,-732.1277098243801
3001110,용담댐,예측유입량포함,GradientBoosting,GradientBoosting,유입량급증,867,최근3시간변화량반영,1.4676447520184548,10.20503059572163,-595.3338389066312
3001110,용담댐,예측유입량포함,GradientBoosting,GradientBoosting,방류량변화,486,현재방류량유지,10.163386831275721,13.566214068126493,-33.481233110003004
3001110,용담댐,예측유입량포함,GradientBoosting,GradientBoosting,방류량변화,486,최근3시간평균,8.334806584362141,13.566214068126493,-62.76579343280236
3001110,용담댐,예측유입량포함,GradientBoosting,GradientBoosting,방류량변화,486,최근6시간평균,7.666115912208505,13.566214068126493,-76.96333088992193
3001110,용담댐,예측유입량포함,GradientBoosting,GradientBoosting,방류량변화,486,최근3시간변화량반영,13.460172839506173,13.566214068126493,-0.7878147619998224
3001110,용담댐,예측유입량포함,RandomForest,GradientBoosting,전체,8668,현재방류량유지,0.8429194739270882,1.9435270174622643,-130.57090001818818
3001110,용담댐,예측유입량포함,RandomForest,GradientBoosting,전체,8668,최근3시간평균,0.9131865866789722,1.9435270174622643,-112.82912449802602
3001110,용담댐,예측유입량포함,RandomForest,GradientBoosting,전체,8668,최근6시간평균,1.0070263613290262,1.9435270174622643,-92.99663763491637
3001110,용담댐,예측유입량포함,RandomForest,GradientBoosting,전체,8668,최근3시간변화량반영,1.5269841947392708,1.9435270174622643,-27.27879071427568
3001110,용담댐,예측유입량포함,RandomForest,GradientBoosting,강우발생,618,현재방류량유지,1.3244886731391585,4.028531467190397,-204.15748725448978
3001110,용담댐,예측유입량포함,RandomForest,GradientBoosting,강우발생,618,최근3시간평균,1.6806742179072285,4.028531467190397,-139.6973443316525
3001110,용담댐,예측유입량포함,RandomForest,GradientBoosting,강우발생,618,최근6시간평균,2.161033710895361,4.028531467190397,-86.416872947405
3001110,용담댐,예측유입량포함,RandomForest,GradientBoosting,강우발생,618,최근3시간변화량반영,1.7142734627831715,4.028531467190397,-134.99934839158988
3001110,용담댐,예측유입량포함,RandomForest,GradientBoosting,최근24시간누적강우,2739,현재방류량유지,1.0439722526469515,2.901085311091407,-177.88912049489983
3001110,용담댐,예측유입량포함,RandomForest,GradientBoosting,최근24시간누적강우,2739,최근3시간평균,1.2336390410125357,2.901085311091407,-135.16484276553692
3001110,용담댐,예측유입량포함,RandomForest,GradientBoosting,최근24시간누적강우,2739,최근6시간평균,1.4951260192284288,2.901085311091407,-94.03617312395743
3001110,용담댐,예측유입량포함,RandomForest,GradientBoosting,최근24시간누적강우,2739,최근3시간변화량반영,1.6909740781307048,2.901085311091407,-71.56296767709327
3001110,용담댐,예측유입량포함,RandomForest,GradientBoosting,유입량급증,867,현재방류량유지,0.9617716262975777,2.925077460333271,-204.13430593639026
3001110,용담댐,예측유입량포함,RandomForest,GradientBoosting,유입량급증,867,최근3시간평균,1.0770000000000004,2.925077460333271,-171.59493596409192
3001110,용담댐,예측유입량포함,RandomForest,GradientBoosting,유입량급증,867,최근6시간평균,1.2263779315647827,2.925077460333271,-138.51354342303375
3001110,용담댐,예측유입량포함,RandomForest,GradientBoosting,유입량급증,867,최근3시간변화량반영,1.4676447520184548,2.925077460333271,-99.30418831330988
3001110,용담댐,예측유입량포함,RandomForest,GradientBoosting,방류량변화,486,현재방류량유지,10.163386831275721,8.900485530785062,12.425988712781667
3001110,용담댐,예측유입량포함,RandomForest,GradientBoosting,방류량변화,486,최근3시간평균,8.334806584362141,8.900485530785062,-6.7869474917900785
3001110,용담댐,예측유입량포함,RandomForest,GradientBoosting,방류량변화,486,최근6시간평균,7.666115912208505,8.900485530785062,-16.10162998723759
3001110,용담댐,예측유입량포함,RandomForest,GradientBoosting,방류량변화,486,최근3시간변화량반영,13.460172839506173,8.900485530785062,33.87539939560239
3001110,용담댐,예측유입량포함,XGBoost,GradientBoosting,전체,8668,현재방류량유지,0.8429194739270882,1.4369885221647678,-70.4775564704851
3001110,용담댐,예측유입량포함,XGBoost,GradientBoosting,전체,8668,최근3시간평균,0.9131865866789722,1.4369885221647678,-57.359792963093135
3001110,용담댐,예측유입량포함,XGBoost,GradientBoosting,전체,8668,최근6시간평균,1.0070263613290262,1.4369885221647678,-42.6962170353016
3001110,용담댐,예측유입량포함,XGBoost,GradientBoosting,전체,8668,최근3시간변화량반영,1.5269841947392708,1.4369885221647678,5.893687235568904
3001110,용담댐,예측유입량포함,XGBoost,GradientBoosting,강우발생,618,현재방류량유지,1.3244886731391585,3.606895213772178,-172.32359830027903
3001110,용담댐,예측유입량포함,XGBoost,GradientBoosting,강우발생,618,최근3시간평균,1.6806742179072285,3.606895213772178,-114.61001634590879
3001110,용담댐,예측유입량포함,XGBoost,GradientBoosting,강우발생,618,최근6시간평균,2.161033710895361,3.606895213772178,-66.90601333922582
3001110,용담댐,예측유입량포함,XGBoost,GradientBoosting,강우발생,618,최근3시간변화량반영,1.7142734627831715,3.606895213772178,-110.40372449774037
3001110,용담댐,예측유입량포함,XGBoost,GradientBoosting,최근24시간누적강우,2739,현재방류량유지,1.0439722526469515,2.5241497640453057,-141.78322341857466
3001110,용담댐,예측유입량포함,XGBoost,GradientBoosting,최근24시간누적강우,2739,최근3시간평균,1.2336390410125357,2.5241497640453057,-104.61007475683937
3001110,용담댐,예측유입량포함,XGBoost,GradientBoosting,최근24시간누적강우,2739,최근6시간평균,1.4951260192284288,2.5241497640453057,-68.82521818113449
3001110,용담댐,예측유입량포함,XGBoost,GradientBoosting,최근24시간누적강우,2739,최근3시간변화량반영,1.6909740781307048,2.5241497640453057,-49.2719372041255
3001110,용담댐,예측유입량포함,XGBoost,GradientBoosting,유입량급증,867,현재방류량유지,0.9617716262975777,2.3944839205978377,-148.96595565161437
3001110,용담댐,예측유입량포함,XGBoost,GradientBoosting,유입량급증,867,최근3시간평균,1.0770000000000004,2.3944839205978377,-122.32905483731076
3001110,용담댐,예측유입량포함,XGBoost,GradientBoosting,유입량급증,867,최근6시간평균,1.2263779315647827,2.3944839205978377,-95.24845147389628
3001110,용담댐,예측유입량포함,XGBoost,GradientBoosting,유입량급증,867,최근3시간변화량반영,1.4676447520184548,2.3944839205978377,-63.151465455431165
3001110,용담댐,예측유입량포함,XGBoost,GradientBoosting,방류량변화,486,현재방류량유지,10.163386831275721,7.099379365348031,30.147504142013382
3001110,용담댐,예측유입량포함,XGBoost,GradientBoosting,방류량변화,486,최근3시간평균,8.334806584362141,7.099379365348031,14.822506155476155
3001110,용담댐,예측유입량포함,XGBoost,GradientBoosting,방류량변화,486,최근6시간평균,7.666115912208505,7.099379365348031,7.392746905351771
3001110,용담댐,예측유입량포함,XGBoost,GradientBoosting,방류량변화,486,최근3시간변화량반영,13.460172839506173,7.099379365348031,47.25640264803247
3008110,대청댐,기본변수,GradientBoosting,GradientBoosting,전체,8369,현재방류량유지,41.12401899868562,38.143789834824425,7.246930714520991
3008110,대청댐,기본변수,GradientBoosting,GradientBoosting,전체,8369,최근3시간평균,38.768766200661155,38.143789834824425,1.6120615306712334
3008110,대청댐,기본변수,GradientBoosting,GradientBoosting,전체,8369,최근6시간평균,36.29502489345601,38.143789834824425,-5.093714487854636
3008110,대청댐,기본변수,GradientBoosting,GradientBoosting,전체,8369,최근3시간변화량반영,63.65938797944797,38.143789834824425,40.081438032142394
3008110,대청댐,기본변수,GradientBoosting,GradientBoosting,강우발생,563,현재방류량유지,43.98680106571937,56.01785396629397,-27.35150683633339
3008110,대청댐,기본변수,GradientBoosting,GradientBoosting,강우발생,563,최근3시간평균,41.176700414446415,56.01785396629397,-36.042600311511826
3008110,대청댐,기본변수,GradientBoosting,GradientBoosting,강우발생,563,최근6시간평균,38.83381201894612,56.01785396629397,-44.25020633813686
3008110,대청댐,기본변수,GradientBoosting,GradientBoosting,강우발생,563,최근3시간변화량반영,65.64112255772646,56.01785396629397,14.660426599148341
3008110,대청댐,기본변수,GradientBoosting,GradientBoosting,최근24시간누적강우,2309,현재방류량유지,43.35760025985275,50.3874247244975,-16.213592132667127
3008110,대청댐,기본변수,GradientBoosting,GradientBoosting,최근24시간누적강우,2309,최근3시간평균,40.75977493864587,50.3874247244975,-23.620468465156552
3008110,대청댐,기본변수,GradientBoosting,GradientBoosting,최근24시간누적강우,2309,최근6시간평균,38.37107716183052,50.3874247244975,-31.316159074679806
3008110,대청댐,기본변수,GradientBoosting,GradientBoosting,최근24시간누적강우,2309,최근3시간변화량반영,66.58317280207882,50.3874247244975,24.324085795256163
3008110,대청댐,기본변수,GradientBoosting,GradientBoosting,유입량급증,837,현재방류량유지,54.2243835125448,48.023632290740125,11.435355867845193
3008110,대청댐,기본변수,GradientBoosting,GradientBoosting,유입량급증,837,최근3시간평균,55.80558821186778,48.023632290740125,13.944761036445307
3008110,대청댐,기본변수,GradientBoosting,GradientBoosting,유입량급증,837,최근6시간평균,52.934541019514135,48.023632290740125,9.277323717539407
3008110,대청댐,기본변수,GradientBoosting,GradientBoosting,유입량급증,837,최근3시간변화량반영,72.23554241338113,48.023632290740125,33.51800140723511
3008110,대청댐,기본변수,GradientBoosting,GradientBoosting,방류량변화,3614,현재방류량유지,94.8152545655783,47.52965278865203,49.871301821186925
3008110,대청댐,기본변수,GradientBoosting,GradientBoosting,방류량변화,3614,최근3시간평균,75.21369489024165,47.52965278865203,36.807182710527094
3008110,대청댐,기본변수,GradientBoosting,GradientBoosting,방류량변화,3614,최근6시간평균,59.90118349935437,47.52965278865203,20.653232520582304
3008110,대청댐,기본변수,GradientBoosting,GradientBoosting,방류량변화,3614,최근3시간변화량반영,139.96171970116217,47.52965278865203,66.04096256452515
3008110,대청댐,기본변수,RandomForest,GradientBoosting,전체,8369,현재방류량유지,41.12401899868562,37.11861673443533,9.739812308661541
3008110,대청댐,기본변수,RandomForest,GradientBoosting,전체,8369,최근3시간평균,38.768766200661155,37.11861673443533,4.256388912881333
3008110,대청댐,기본변수,RandomForest,GradientBoosting,전체,8369,최근6시간평균,36.29502489345601,37.11861673443533,-2.269159046996031
3008110,대청댐,기본변수,RandomForest,GradientBoosting,전체,8369,최근3시간변화량반영,63.65938797944797,37.11861673443533,41.691841670832844
3008110,대청댐,기본변수,RandomForest,GradientBoosting,강우발생,563,현재방류량유지,43.98680106571937,52.618282665591465,-19.62289002779733
3008110,대청댐,기본변수,RandomForest,GradientBoosting,강우발생,563,최근3시간평균,41.176700414446415,52.618282665591465,-27.786544662356892
3008110,대청댐,기본변수,RandomForest,GradientBoosting,강우발생,563,최근6시간평균,38.83381201894612,52.618282665591465,-35.496053387497014
3008110,대청댐,기본변수,RandomForest,GradientBoosting,강우발생,563,최근3시간변화량반영,65.64112255772646,52.618282665591465,19.839453355908688
3008110,대청댐,기본변수,RandomForest,GradientBoosting,최근24시간누적강우,2309,현재방류량유지,43.35760025985275,46.71984810958124,-7.754690826009079
3008110,대청댐,기본변수,RandomForest,GradientBoosting,최근24시간누적강우,2309,최근3시간평균,40.75977493864587,46.71984810958124,-14.622438862596383
3008110,대청댐,기본변수,RandomForest,GradientBoosting,최근24시간누적강우,2309,최근6시간평균,38.37107716183052,46.71984810958124,-21.757979095920792
3008110,대청댐,기본변수,RandomForest,GradientBoosting,최근24시간누적강우,2309,최근3시간변화량반영,66.58317280207882,46.71984810958124,29.832349310751706
3008110,대청댐,기본변수,RandomForest,GradientBoosting,유입량급증,837,현재방류량유지,54.2243835125448,46.991514617373596,13.338775706869733
3008110,대청댐,기본변수,RandomForest,GradientBoosting,유입량급증,837,최근3시간평균,55.80558821186778,46.991514617373596,15.794249065221313
3008110,대청댐,기본변수,RandomForest,GradientBoosting,유입량급증,837,최근6시간평균,52.934541019514135,46.991514617373596,11.227123703499503
3008110,대청댐,기본변수,RandomForest,GradientBoosting,유입량급증,837,최근3시간변화량반영,72.23554241338113,46.991514617373596,34.946823893899705
3008110,대청댐,기본변수,RandomForest,GradientBoosting,방류량변화,3614,현재방류량유지,94.8152545655783,46.736707309490555,50.70760762745679
3008110,대청댐,기본변수,RandomForest,GradientBoosting,방류량변화,3614,최근3시간평균,75.21369489024165,46.736707309490555,37.861439492245644
3008110,대청댐,기본변수,RandomForest,GradientBoosting,방류량변화,3614,최근6시간평균,59.90118349935437,46.736707309490555,21.97698846802535
3008110,대청댐,기본변수,RandomForest,GradientBoosting,방류량변화,3614,최근3시간변화량반영,139.96171970116217,46.736707309490555,66.60750710317082
3008110,대청댐,기본변수,XGBoost,GradientBoosting,전체,8369,현재방류량유지,41.12401899868562,36.35131652630733,11.605632398260573
3008110,대청댐,기본변수,XGBoost,GradientBoosting,전체,8369,최근3시간평균,38.768766200661155,36.35131652630733,6.2355599913638695
3008110,대청댐,기본변수,XGBoost,GradientBoosting,전체,8369,최근6시간평균,36.29502489345601,36.35131652630733,-0.15509462527319837
3008110,대청댐,기본변수,XGBoost,GradientBoosting,전체,8369,최근3시간변화량반영,63.65938797944797,36.35131652630733,42.89716304209032
3008110,대청댐,기본변수,XGBoost,GradientBoosting,강우발생,563,현재방류량유지,43.98680106571937,48.82398107866962,-10.996889739090511
3008110,대청댐,기본변수,XGBoost,GradientBoosting,강우발생,563,최근3시간평균,41.176700414446415,48.82398107866962,-18.57186366865917
3008110,대청댐,기본변수,XGBoost,GradientBoosting,강우발생,563,최근6시간평균,38.83381201894612,48.82398107866962,-25.725440126376277
3008110,대청댐,기본변수,XGBoost,GradientBoosting,강우발생,563,최근3시간변화량반영,65.64112255772646,48.82398107866962,25.619826145214724
3008110,대청댐,기본변수,XGBoost,GradientBoosting,최근24시간누적강우,2309,현재방류량유지,43.35760025985275,45.631041994744535,-5.243467630280477
3008110,대청댐,기본변수,XGBoost,GradientBoosting,최근24시간누적강우,2309,최근3시간평균,40.75977493864587,45.631041994744535,-11.951162790842684
3008110,대청댐,기본변수,XGBoost,GradientBoosting,최근24시간누적강우,2309,최근6시간평균,38.37107716183052,45.631041994744535,-18.920409250683836
3008110,대청댐,기본변수,XGBoost,GradientBoosting,최근24시간누적강우,2309,최근3시간변화량반영,66.58317280207882,45.631041994744535,31.467606492131793
3008110,대청댐,기본변수,XGBoost,GradientBoosting,유입량급증,837,현재방류량유지,54.2243835125448,46.73666470368475,13.808767059800253
3008110,대청댐,기본변수,XGBoost,GradientBoosting,유입량급증,837,최근3시간평균,55.80558821186778,46.73666470368475,16.250923605988266
3008110,대청댐,기본변수,XGBoost,GradientBoosting,유입량급증,837,최근6시간평균,52.934541019514135,46.73666470368475,11.708567216148257
3008110,대청댐,기본변수,XGBoost,GradientBoosting,유입량급증,837,최근3시간변화량반영,72.23554241338113,46.73666470368475,35.29962793630644
3008110,대청댐,기본변수,XGBoost,GradientBoosting,방류량변화,3614,현재방류량유지,94.8152545655783,47.82195314983881,49.563017713818304
3008110,대청댐,기본변수,XGBoost,GradientBoosting,방류량변화,3614,최근3시간평균,75.21369489024165,47.82195314983881,36.41855619561736
3008110,대청댐,기본변수,XGBoost,GradientBoosting,방류량변화,3614,최근6시간평균,59.90118349935437,47.82195314983881,20.165261592278473
3008110,대청댐,기본변수,XGBoost,GradientBoosting,방류량변화,3614,최근3시간변화량반영,139.96171970116217,47.82195314983881,65.83211948813907
3008110,대청댐,예측유입량포함,GradientBoosting,GradientBoosting,전체,8369,현재방류량유지,41.12401899868562,37.62419782683426,8.510406465776649
3008110,대청댐,예측유입량포함,GradientBoosting,GradientBoosting,전체,8369,최근3시간평균,38.768766200661155,37.62419782683426,2.95229507150881
3008110,대청댐,예측유입량포함,GradientBoosting,GradientBoosting,전체,8369,최근6시간평균,36.29502489345601,37.62419782683426,-3.6621353402567927
3008110,대청댐,예측유입량포함,GradientBoosting,GradientBoosting,전체,8369,최근3시간변화량반영,63.65938797944797,37.62419782683426,40.89764444643892
3008110,대청댐,예측유입량포함,GradientBoosting,GradientBoosting,강우발생,563,현재방류량유지,43.98680106571937,55.34487165888843,-25.821542640028095
3008110,대청댐,예측유입량포함,GradientBoosting,GradientBoosting,강우발생,563,최근3시간평균,41.176700414446415,55.34487165888843,-34.40822383007468
3008110,대청댐,예측유입량포함,GradientBoosting,GradientBoosting,강우발생,563,최근6시간평균,38.83381201894612,55.34487165888843,-42.51722605003842
3008110,대청댐,예측유입량포함,GradientBoosting,GradientBoosting,강우발생,563,최근3시간변화량반영,65.64112255772646,55.34487165888843,15.68567156934778
3008110,대청댐,예측유입량포함,GradientBoosting,GradientBoosting,최근24시간누적강우,2309,현재방류량유지,43.35760025985275,49.28307223525257,-13.666512767973796
3008110,대청댐,예측유입량포함,GradientBoosting,GradientBoosting,최근24시간누적강우,2309,최근3시간평균,40.75977493864587,49.28307223525257,-20.911050930571854
3008110,대청댐,예측유입량포함,GradientBoosting,GradientBoosting,최근24시간누적강우,2309,최근6시간평균,38.37107716183052,49.28307223525257,-28.4380733629149
3008110,대청댐,예측유입량포함,GradientBoosting,GradientBoosting,최근24시간누적강우,2309,최근3시간변화량반영,66.58317280207882,49.28307223525257,25.98269178047658
3008110,대청댐,예측유입량포함,GradientBoosting,GradientBoosting,유입량급증,837,현재방류량유지,54.2243835125448,48.25354975915466,11.011344650896378
3008110,대청댐,예측유입량포함,GradientBoosting,GradientBoosting,유입량급증,837,최근3시간평균,55.80558821186778,48.25354975915466,13.532763822937504
3008110,대청댐,예측유입량포함,GradientBoosting,GradientBoosting,유입량급증,837,최근6시간평균,52.934541019514135,48.25354975915466,8.842980727147225
3008110,대청댐,예측유입량포함,GradientBoosting,GradientBoosting,유입량급증,837,최근3시간변화량반영,72.23554241338113,48.25354975915466,33.1997128463231
3008110,대청댐,예측유입량포함,GradientBoosting,GradientBoosting,방류량변화,3614,현재방류량유지,94.8152545655783,47.95733863004141,49.42022900242064
3008110,대청댐,예측유입량포함,GradientBoosting,GradientBoosting,방류량변화,3614,최근3시간평균,75.21369489024165,47.95733863004141,36.23855509289243
3008110,대청댐,예측유입량포함,GradientBoosting,GradientBoosting,방류량변화,3614,최근6시간평균,59.90118349935437,47.95733863004141,19.93924689224494
3008110,대청댐,예측유입량포함,GradientBoosting,GradientBoosting,방류량변화,3614,최근3시간변화량반영,139.96171970116217,47.95733863004141,65.73538912465705
3008110,대청댐,예측유입량포함,RandomForest,GradientBoosting,전체,8369,현재방류량유지,41.12401899868562,37.78066551872402,8.129928838104219
3008110,대청댐,예측유입량포함,RandomForest,GradientBoosting,전체,8369,최근3시간평균,38.768766200661155,37.78066551872402,2.5487029347874444
3008110,대청댐,예측유입량포함,RandomForest,GradientBoosting,전체,8369,최근6시간평균,36.29502489345601,37.78066551872402,-4.093234898251503
3008110,대청댐,예측유입량포함,RandomForest,GradientBoosting,전체,8369,최근3시간변화량반영,63.65938797944797,37.78066551872402,40.65185557404154
3008110,대청댐,예측유입량포함,RandomForest,GradientBoosting,강우발생,563,현재방류량유지,43.98680106571937,55.90300798434741,-27.090414919749207
3008110,대청댐,예측유입량포함,RandomForest,GradientBoosting,강우발생,563,최근3시간평균,41.176700414446415,55.90300798434741,-35.763690197805225
3008110,대청댐,예측유입량포함,RandomForest,GradientBoosting,강우발생,563,최근6시간평균,38.83381201894612,55.90300798434741,-43.954469257547075
3008110,대청댐,예측유입량포함,RandomForest,GradientBoosting,강우발생,563,최근3시간변화량반영,65.64112255772646,55.90300798434741,14.835387016447054
3008110,대청댐,예측유입량포함,RandomForest,GradientBoosting,최근24시간누적강우,2309,현재방류량유지,43.35760025985275,49.13343810853133,-13.321396511943838
3008110,대청댐,예측유입량포함,RandomForest,GradientBoosting,최근24시간누적강우,2309,최근3시간평균,40.75977493864587,49.13343810853133,-20.543938680942215
3008110,대청댐,예측유입량포함,RandomForest,GradientBoosting,최근24시간누적강우,2309,최근6시간평균,38.37107716183052,49.13343810853133,-28.048107436000326
3008110,대청댐,예측유입량포함,RandomForest,GradientBoosting,최근24시간누적강우,2309,최근3시간변화량반영,66.58317280207882,49.13343810853133,26.207424427516447
3008110,대청댐,예측유입량포함,RandomForest,GradientBoosting,유입량급증,837,현재방류량유지,54.2243835125448,48.355220645774175,10.823844341932984
3008110,대청댐,예측유입량포함,RandomForest,GradientBoosting,유입량급증,837,최근3시간평균,55.80558821186778,48.355220645774175,13.35057617851466
3008110,대청댐,예측유입량포함,RandomForest,GradientBoosting,유입량급증,837,최근6시간평균,52.934541019514135,48.355220645774175,8.650911645860516
3008110,대청댐,예측유입량포함,RandomForest,GradientBoosting,유입량급증,837,최근3시간변화량반영,72.23554241338113,48.355220645774175,33.058963731382306
3008110,대청댐,예측유입량포함,RandomForest,GradientBoosting,방류량변화,3614,현재방류량유지,94.8152545655783,47.281293807791485,50.13324171893699
3008110,대청댐,예측유입량포함,RandomForest,GradientBoosting,방류량변화,3614,최근3시간평균,75.21369489024165,47.281293807791485,37.13738717824134
3008110,대청댐,예측유입량포함,RandomForest,GradientBoosting,방류량변화,3614,최근6시간평균,59.90118349935437,47.281293807791485,21.067847001218105
3008110,대청댐,예측유입량포함,RandomForest,GradientBoosting,방류량변화,3614,최근3시간변화량반영,139.96171970116217,47.281293807791485,66.21841035624337
3008110,대청댐,예측유입량포함,XGBoost,GradientBoosting,전체,8369,현재방류량유지,41.12401899868562,36.39992360703535,11.48743606942031
3008110,대청댐,예측유입량포함,XGBoost,GradientBoosting,전체,8369,최근3시간평균,38.768766200661155,36.39992360703535,6.110183082342737
3008110,대청댐,예측유입량포함,XGBoost,GradientBoosting,전체,8369,최근6시간평균,36.29502489345601,36.39992360703535,-0.28901678367012623
3008110,대청댐,예측유입량포함,XGBoost,GradientBoosting,전체,8369,최근3시간변화량반영,63.65938797944797,36.39992360703535,42.820808112721984
3008110,대청댐,예측유입량포함,XGBoost,GradientBoosting,강우발생,563,현재방류량유지,43.98680106571937,49.5816886064587,-12.719469034313665
3008110,대청댐,예측유입량포함,XGBoost,GradientBoosting,강우발생,563,최근3시간평균,41.176700414446415,49.5816886064587,-20.41200025115048
3008110,대청댐,예측유입량포함,XGBoost,GradientBoosting,강우발생,563,최근6시간평균,38.83381201894612,49.5816886064587,-27.67659425829465
3008110,대청댐,예측유입량포함,XGBoost,GradientBoosting,강우발생,563,최근3시간변화량반영,65.64112255772646,49.5816886064587,24.46550778765962
3008110,대청댐,예측유입량포함,XGBoost,GradientBoosting,최근24시간누적강우,2309,현재방류량유지,43.35760025985275,46.11460710738551,-6.3587625491478725
3008110,대청댐,예측유입량포함,XGBoost,GradientBoosting,최근24시간누적강우,2309,최근3시간평균,40.75977493864587,46.11460710738551,-13.137541060518771
3008110,대청댐,예측유입량포함,XGBoost,GradientBoosting,최근24시간누적강우,2309,최근6시간평균,38.37107716183052,46.11460710738551,-20.18064260457571
3008110,대청댐,예측유입량포함,XGBoost,GradientBoosting,최근24시간누적강우,2309,최근3시간변화량반영,66.58317280207882,46.11460710738551,30.741349252816402
3008110,대청댐,예측유입량포함,XGBoost,GradientBoosting,유입량급증,837,현재방류량유지,54.2243835125448,46.584771148890724,14.088887450212598
3008110,대청댐,예측유입량포함,XGBoost,GradientBoosting,유입량급증,837,최근3시간평균,55.80558821186778,46.584771148890724,16.523107019264657
3008110,대청댐,예측유입량포함,XGBoost,GradientBoosting,유입량급증,837,최근6시간평균,52.934541019514135,46.584771148890724,11.995513228843508
3008110,대청댐,예측유입량포함,XGBoost,GradientBoosting,유입량급증,837,최근3시간변화량반영,72.23554241338113,46.584771148890724,35.50990330729319
3008110,대청댐,예측유입량포함,XGBoost,GradientBoosting,방류량변화,3614,현재방류량유지,94.8152545655783,47.94862036120757,49.42942400893493
3008110,대청댐,예측유입량포함,XGBoost,GradientBoosting,방류량변화,3614,최근3시간평균,75.21369489024165,47.94862036120757,36.25014642455958
3008110,대청댐,예측유입량포함,XGBoost,GradientBoosting,방류량변화,3614,최근6시간평균,59.90118349935437,47.94862036120757,19.953801310579493
3008110,대청댐,예측유입량포함,XGBoost,GradientBoosting,방류량변화,3614,최근3시간변화량반영,139.96171970116217,47.94862036120757,65.74161816274867
3203110,보령댐,기본변수,GradientBoosting,GradientBoosting,전체,8735,현재방류량유지,0.2974737263880939,0.47198685280981745,-58.66505541200237
3203110,보령댐,기본변수,GradientBoosting,GradientBoosting,전체,8735,최근3시간평균,0.35156244991413854,0.47198685280981745,-34.25405725926928
3203110,보령댐,기본변수,GradientBoosting,GradientBoosting,전체,8735,최근6시간평균,0.4153298988742607,0.47198685280981745,-13.641433975527342
3203110,보령댐,기본변수,GradientBoosting,GradientBoosting,전체,8735,최근3시간변화량반영,0.5415440183171151,0.47198685280981745,12.844231152889703
3203110,보령댐,기본변수,GradientBoosting,GradientBoosting,강우발생,693,현재방류량유지,0.5093073593073593,1.6450792932106766,-223.00324414081288
3203110,보령댐,기본변수,GradientBoosting,GradientBoosting,강우발생,693,최근3시간평균,0.8155449735449736,1.6450792932106766,-101.71533717630817
3203110,보령댐,기본변수,GradientBoosting,GradientBoosting,강우발생,693,최근6시간평균,1.2635028860028858,1.6450792932106766,-30.199884102751405
3203110,보령댐,기본변수,GradientBoosting,GradientBoosting,강우발생,693,최근3시간변화량반영,1.5759826839826843,1.6450792932106766,-4.384350788257234
3203110,보령댐,기본변수,GradientBoosting,GradientBoosting,최근24시간누적강우,2552,현재방류량유지,0.44796943573667714,0.9262163802487328,-106.75883360783034
3203110,보령댐,기본변수,GradientBoosting,GradientBoosting,최근24시간누적강우,2552,최근3시간평균,0.5910242946708464,0.9262163802487328,-56.71375755620364
3203110,보령댐,기본변수,GradientBoosting,GradientBoosting,최근24시간누적강우,2552,최근6시간평균,0.7881436128526644,0.9262163802487328,-17.518732010821946
3203110,보령댐,기본변수,GradientBoosting,GradientBoosting,최근24시간누적강우,2552,최근3시간변화량반영,0.8695438871473354,0.9262163802487328,-6.517496579421614
3203110,보령댐,기본변수,GradientBoosting,GradientBoosting,유입량급증,874,현재방류량유지,0.28625400457665906,0.616204517125369,-115.26494207012878
3203110,보령댐,기본변수,GradientBoosting,GradientBoosting,유입량급증,874,최근3시간평균,0.40787032799389783,0.616204517125369,-51.078535218817876
3203110,보령댐,기본변수,GradientBoosting,GradientBoosting,유입량급증,874,최근6시간평균,0.5452690694126621,0.616204517125369,-13.009255740310957
3203110,보령댐,기본변수,GradientBoosting,GradientBoosting,유입량급증,874,최근3시간변화량반영,0.645550343249428,0.616204517125369,4.545861748960507
3203110,보령댐,기본변수,GradientBoosting,GradientBoosting,방류량변화,36,현재방류량유지,22.265194444444443,19.154005862620696,13.973327695775156
3203110,보령댐,기본변수,GradientBoosting,GradientBoosting,방류량변화,36,최근3시간평균,23.074111111111108,19.154005862620696,16.989192908075772
3203110,보령댐,기본변수,GradientBoosting,GradientBoosting,방류량변화,36,최근6시간평균,23.781875,19.154005862620696,19.459647893108947
3203110,보령댐,기본변수,GradientBoosting,GradientBoosting,방류량변화,36,최근3시간변화량반영,20.116083333333332,19.154005862620696,4.782628182487326
3203110,보령댐,기본변수,RandomForest,GradientBoosting,전체,8735,현재방류량유지,0.2974737263880939,0.6242644170789524,-109.85531215100212
3203110,보령댐,기본변수,RandomForest,GradientBoosting,전체,8735,최근3시간평균,0.35156244991413854,0.6242644170789524,-77.56857060002153
3203110,보령댐,기본변수,RandomForest,GradientBoosting,전체,8735,최근6시간평균,0.4153298988742607,0.6242644170789524,-50.30567719083131
3203110,보령댐,기본변수,RandomForest,GradientBoosting,전체,8735,최근3시간변화량반영,0.5415440183171151,0.6242644170789524,-15.274916897595253
3203110,보령댐,기본변수,RandomForest,GradientBoosting,강우발생,693,현재방류량유지,0.5093073593073593,1.8485342896751318,-262.9506340118619
3203110,보령댐,기본변수,RandomForest,GradientBoosting,강우발생,693,최근3시간평균,0.8155449735449736,1.8485342896751318,-126.66245880224207
3203110,보령댐,기본변수,RandomForest,GradientBoosting,강우발생,693,최근6시간평균,1.2635028860028858,1.8485342896751318,-46.30234011756026
3203110,보령댐,기본변수,RandomForest,GradientBoosting,강우발생,693,최근3시간변화량반영,1.5759826839826843,1.8485342896751318,-17.294073625458825
3203110,보령댐,기본변수,RandomForest,GradientBoosting,최근24시간누적강우,2552,현재방류량유지,0.44796943573667714,1.1388578785491545,-154.22669220196343
3203110,보령댐,기본변수,RandomForest,GradientBoosting,최근24시간누적강우,2552,최근3시간평균,0.5910242946708464,1.1388578785491545,-92.69222751382969
3203110,보령댐,기본변수,RandomForest,GradientBoosting,최근24시간누적강우,2552,최근6시간평균,0.7881436128526644,1.1388578785491545,-44.498776615988724
3203110,보령댐,기본변수,RandomForest,GradientBoosting,최근24시간누적강우,2552,최근3시간변화량반영,0.8695438871473354,1.1388578785491545,-30.97186874435316
3203110,보령댐,기본변수,RandomForest,GradientBoosting,유입량급증,874,현재방류량유지,0.28625400457665906,0.8183140594948531,-185.8699079878577
3203110,보령댐,기본변수,RandomForest,GradientBoosting,유입량급증,874,최근3시간평균,0.40787032799389783,0.8183140594948531,-100.63093668022253
3203110,보령댐,기본변수,RandomForest,GradientBoosting,유입량급증,874,최근6시간평균,0.5452690694126621,0.8183140594948531,-50.07527574896228
3203110,보령댐,기본변수,RandomForest,GradientBoosting,유입량급증,874,최근3시간변화량반영,0.645550343249428,0.8183140594948531,-26.762237531437993
3203110,보령댐,기본변수,RandomForest,GradientBoosting,방류량변화,36,현재방류량유지,22.265194444444443,19.709805779501362,11.477055236679934
3203110,보령댐,기본변수,RandomForest,GradientBoosting,방류량변화,36,최근3시간평균,23.074111111111108,19.709805779501362,14.580433089748354
3203110,보령댐,기본변수,RandomForest,GradientBoosting,방류량변화,36,최근6시간평균,23.781875,19.709805779501362,17.12257431551817
3203110,보령댐,기본변수,RandomForest,GradientBoosting,방류량변화,36,최근3시간변화량반영,20.116083333333332,19.709805779501362,2.0196652951757663
3203110,보령댐,기본변수,XGBoost,GradientBoosting,전체,8735,현재방류량유지,0.2974737263880939,0.6837544044431306,-129.85371271111265
3203110,보령댐,기본변수,XGBoost,GradientBoosting,전체,8735,최근3시간평균,0.35156244991413854,0.6837544044431306,-94.49016941659234
3203110,보령댐,기본변수,XGBoost,GradientBoosting,전체,8735,최근6시간평균,0.4153298988742607,0.6837544044431306,-64.62922758424726
3203110,보령댐,기본변수,XGBoost,GradientBoosting,전체,8735,최근3시간변화량반영,0.5415440183171151,0.6837544044431306,-26.260171161698732
3203110,보령댐,기본변수,XGBoost,GradientBoosting,강우발생,693,현재방류량유지,0.5093073593073593,2.2448383902980478,-340.76299886005023
3203110,보령댐,기본변수,XGBoost,GradientBoosting,강우발생,693,최근3시간평균,0.8155449735449736,2.2448383902980478,-175.25623516999767
3203110,보령댐,기본변수,XGBoost,GradientBoosting,강우발생,693,최근6시간평균,1.2635028860028858,2.2448383902980478,-77.66784826266874
3203110,보령댐,기본변수,XGBoost,GradientBoosting,강우발생,693,최근3시간변화량반영,1.5759826839826843,2.2448383902980478,-42.440549195952485
3203110,보령댐,기본변수,XGBoost,GradientBoosting,최근24시간누적강우,2552,현재방류량유지,0.44796943573667714,1.3678481709904804,-205.34408418759202
3203110,보령댐,기본변수,XGBoost,GradientBoosting,최근24시간누적강우,2552,최근3시간평균,0.5910242946708464,1.3678481709904804,-131.4368771849325
3203110,보령댐,기본변수,XGBoost,GradientBoosting,최근24시간누적강우,2552,최근6시간평균,0.7881436128526644,1.3678481709904804,-73.5531632413528
3203110,보령댐,기본변수,XGBoost,GradientBoosting,최근24시간누적강우,2552,최근3시간변화량반영,0.8695438871473354,1.3678481709904804,-57.30639835533825
3203110,보령댐,기본변수,XGBoost,GradientBoosting,유입량급증,874,현재방류량유지,0.28625400457665906,1.0064480491306471,-251.5926530422108
3203110,보령댐,기본변수,XGBoost,GradientBoosting,유입량급증,874,최근3시간평균,0.40787032799389783,1.0064480491306471,-146.75686855693624
3203110,보령댐,기본변수,XGBoost,GradientBoosting,유입량급증,874,최근6시간평균,0.5452690694126621,1.0064480491306471,-84.57823954964934
3203110,보령댐,기본변수,XGBoost,GradientBoosting,유입량급증,874,최근3시간변화량반영,0.645550343249428,1.0064480491306471,-55.905431645286164
3203110,보령댐,기본변수,XGBoost,GradientBoosting,방류량변화,36,현재방류량유지,22.265194444444443,23.066877645757465,-3.6006117229892687
3203110,보령댐,기본변수,XGBoost,GradientBoosting,방류량변화,36,최근3시간평균,23.074111111111108,23.066877645757465,0.031348836446227366
3203110,보령댐,기본변수,XGBoost,GradientBoosting,방류량변화,36,최근6시간평균,23.781875,23.066877645757465,3.006480162907821
3203110,보령댐,기본변수,XGBoost,GradientBoosting,방류량변화,36,최근3시간변화량반영,20.116083333333332,23.066877645757465,-14.668831220909304
3203110,보령댐,예측유입량포함,GradientBoosting,GradientBoosting,전체,8735,현재방류량유지,0.2974737263880939,0.4778932816753736,-60.65058500389997
3203110,보령댐,예측유입량포함,GradientBoosting,GradientBoosting,전체,8735,최근3시간평균,0.35156244991413854,0.4778932816753736,-35.934108375933945
3203110,보령댐,예측유입량포함,GradientBoosting,GradientBoosting,전체,8735,최근6시간평균,0.4153298988742607,0.4778932816753736,-15.063539362489694
3203110,보령댐,예측유입량포함,GradientBoosting,GradientBoosting,전체,8735,최근3시간변화량반영,0.5415440183171151,0.4778932816753736,11.753566559472022
3203110,보령댐,예측유입량포함,GradientBoosting,GradientBoosting,강우발생,693,현재방류량유지,0.5093073593073593,1.6631553377664967,-226.55238676078264
3203110,보령댐,예측유입량포함,GradientBoosting,GradientBoosting,강우발생,693,최근3시간평균,0.8155449735449736,1.6631553377664967,-103.93177466806878
3203110,보령댐,예측유입량포함,GradientBoosting,GradientBoosting,강우발생,693,최근6시간평균,1.2635028860028858,1.6631553377664967,-31.630513565973605
3203110,보령댐,예측유입량포함,GradientBoosting,GradientBoosting,강우발생,693,최근3시간변화량반영,1.5759826839826843,1.6631553377664967,-5.531320532248325
3203110,보령댐,예측유입량포함,GradientBoosting,GradientBoosting,최근24시간누적강우,2552,현재방류량유지,0.44796943573667714,0.9424014959986206,-110.3718291514374
3203110,보령댐,예측유입량포함,GradientBoosting,GradientBoosting,최근24시간누적강우,2552,최근3시간평균,0.5910242946708464,0.9424014959986206,-59.45224324889442
3203110,보령댐,예측유입량포함,GradientBoosting,GradientBoosting,최근24시간누적강우,2552,최근6시간평균,0.7881436128526644,0.9424014959986206,-19.57230644648935
3203110,보령댐,예측유입량포함,GradientBoosting,GradientBoosting,최근24시간누적강우,2552,최근3시간변화량반영,0.8695438871473354,0.9424014959986206,-8.378830548772536
3203110,보령댐,예측유입량포함,GradientBoosting,GradientBoosting,유입량급증,874,현재방류량유지,0.28625400457665906,0.6822279776448074,-138.32958377429657
3203110,보령댐,예측유입량포함,GradientBoosting,GradientBoosting,유입량급증,874,최근3시간평균,0.40787032799389783,0.6822279776448074,-67.26590066022509
3203110,보령댐,예측유입량포함,GradientBoosting,GradientBoosting,유입량급증,874,최근6시간평균,0.5452690694126621,0.6822279776448074,-25.117674175003344
3203110,보령댐,예측유입량포함,GradientBoosting,GradientBoosting,유입량급증,874,최근3시간변화량반영,0.645550343249428,0.6822279776448074,-5.6816071401588415
3203110,보령댐,예측유입량포함,GradientBoosting,GradientBoosting,방류량변화,36,현재방류량유지,22.265194444444443,18.91510926192683,15.046287562754785
3203110,보령댐,예측유입량포함,GradientBoosting,GradientBoosting,방류량변화,36,최근3시간평균,23.074111111111108,18.91510926192683,18.02453766975904
3203110,보령댐,예측유입량포함,GradientBoosting,GradientBoosting,방류량변화,36,최근6시간평균,23.781875,18.91510926192683,20.46418012908221
3203110,보령댐,예측유입량포함,GradientBoosting,GradientBoosting,방류량변화,36,최근3시간변화량반영,20.116083333333332,18.91510926192683,5.970218215473535
3203110,보령댐,예측유입량포함,RandomForest,GradientBoosting,전체,8735,현재방류량유지,0.2974737263880939,0.6651705341257291,-123.60648189074892
3203110,보령댐,예측유입량포함,RandomForest,GradientBoosting,전체,8735,최근3시간평균,0.35156244991413854,0.6651705341257291,-89.20408999544249
3203110,보령댐,예측유입량포함,RandomForest,GradientBoosting,전체,8735,최근6시간평균,0.4153298988742607,0.6651705341257291,-60.1547434770899
3203110,보령댐,예측유입량포함,RandomForest,GradientBoosting,전체,8735,최근3시간변화량반영,0.5415440183171151,0.6651705341257291,-22.828525775760923
3203110,보령댐,예측유입량포함,RandomForest,GradientBoosting,강우발생,693,현재방류량유지,0.5093073593073593,1.9374907570951578,-280.4167997356409
3203110,보령댐,예측유입량포함,RandomForest,GradientBoosting,강우발생,693,최근3시간평균,0.8155449735449736,1.9374907570951578,-137.57006908808006
3203110,보령댐,예측유입량포함,RandomForest,GradientBoosting,강우발생,693,최근6시간평균,1.2635028860028858,1.9374907570951578,-53.3428042435617
3203110,보령댐,예측유입량포함,RandomForest,GradientBoosting,강우발생,693,최근3시간변화량반영,1.5759826839826843,1.9374907570951578,-22.938581545763075
3203110,보령댐,예측유입량포함,RandomForest,GradientBoosting,최근24시간누적강우,2552,현재방류량유지,0.44796943573667714,1.2236942222710239,-173.16466808917045
3203110,보령댐,예측유입량포함,RandomForest,GradientBoosting,최근24시간누적강우,2552,최근3시간평균,0.5910242946708464,1.2236942222710239,-107.04634873808774
3203110,보령댐,예측유입량포함,RandomForest,GradientBoosting,최근24시간누적강우,2552,최근6시간평균,0.7881436128526644,1.2236942222710239,-55.26284833317317
3203110,보령댐,예측유입량포함,RandomForest,GradientBoosting,최근24시간누적강우,2552,최근3시간변화량반영,0.8695438871473354,1.2236942222710239,-40.72828759518164
3203110,보령댐,예측유입량포함,RandomForest,GradientBoosting,유입량급증,874,현재방류량유지,0.28625400457665906,0.9254734874397151,-223.30499229465715
3203110,보령댐,예측유입량포함,RandomForest,GradientBoosting,유입량급증,874,최근3시간평균,0.40787032799389783,0.9254734874397151,-126.90385250421087
3203110,보령댐,예측유입량포함,RandomForest,GradientBoosting,유입량급증,874,최근6시간평균,0.5452690694126621,0.9254734874397151,-69.72785352314064
3203110,보령댐,예측유입량포함,RandomForest,GradientBoosting,유입량급증,874,최근3시간변화량반영,0.645550343249428,0.9254734874397151,-43.36193871128195
3203110,보령댐,예측유입량포함,RandomForest,GradientBoosting,방류량변화,36,현재방류량유지,22.265194444444443,19.692125737233443,11.556461874300075
3203110,보령댐,예측유입량포함,RandomForest,GradientBoosting,방류량변화,36,최근3시간평균,23.074111111111108,19.692125737233443,14.657055942879218
3203110,보령댐,예측유입량포함,RandomForest,GradientBoosting,방류량변화,36,최근6시간평균,23.781875,19.692125737233443,17.196916823280574
3203110,보령댐,예측유입량포함,RandomForest,GradientBoosting,방류량변화,36,최근3시간변화량반영,20.116083333333332,19.692125737233443,2.1075553778273064
3203110,보령댐,예측유입량포함,XGBoost,GradientBoosting,전체,8735,현재방류량유지,0.2974737263880939,0.7716484275389891,-159.40053157241573
3203110,보령댐,예측유입량포함,XGBoost,GradientBoosting,전체,8735,최근3시간평균,0.35156244991413854,0.7716484275389891,-119.49113954788044
3203110,보령댐,예측유입량포함,XGBoost,GradientBoosting,전체,8735,최근6시간평균,0.4153298988742607,0.7716484275389891,-85.79168743461985
3203110,보령댐,예측유입량포함,XGBoost,GradientBoosting,전체,8735,최근3시간변화량반영,0.5415440183171151,0.7716484275389891,-42.49043502261167
3203110,보령댐,예측유입량포함,XGBoost,GradientBoosting,강우발생,693,현재방류량유지,0.5093073593073593,2.5722999425505493,-405.058467258119
3203110,보령댐,예측유입량포함,XGBoost,GradientBoosting,강우발생,693,최근3시간평균,0.8155449735449736,2.5722999425505493,-215.4087176050382
3203110,보령댐,예측유입량포함,XGBoost,GradientBoosting,강우발생,693,최근6시간평균,1.2635028860028858,2.5722999425505493,-103.58480942517406
3203110,보령댐,예측유입량포함,XGBoost,GradientBoosting,강우발생,693,최근3시간변화량반영,1.5759826839826843,2.5722999425505493,-63.21879476810367
3203110,보령댐,예측유입량포함,XGBoost,GradientBoosting,최근24시간누적강우,2552,현재방류량유지,0.44796943573667714,1.5654933996275302,-249.4643327737542
3203110,보령댐,예측유입량포함,XGBoost,GradientBoosting,최근24시간누적강우,2552,최근3시간평균,0.5910242946708464,1.5654933996275302,-164.87801157131548
3203110,보령댐,예측유입량포함,XGBoost,GradientBoosting,최근24시간누적강우,2552,최근6시간평균,0.7881436128526644,1.5654933996275302,-98.63047471275817
3203110,보령댐,예측유입량포함,XGBoost,GradientBoosting,최근24시간누적강우,2552,최근3시간변화량반영,0.8695438871473354,1.5654933996275302,-80.03615720459584
3203110,보령댐,예측유입량포함,XGBoost,GradientBoosting,유입량급증,874,현재방류량유지,0.28625400457665906,1.2218464269419829,-326.8399419421122
3203110,보령댐,예측유입량포함,XGBoost,GradientBoosting,유입량급증,874,최근3시간평균,0.40787032799389783,1.2218464269419829,-199.56737303044585
3203110,보령댐,예측유입량포함,XGBoost,GradientBoosting,유입량급증,874,최근6시간평균,0.5452690694126621,1.2218464269419829,-124.08137477119283
3203110,보령댐,예측유입량포함,XGBoost,GradientBoosting,유입량급증,874,최근3시간변화량반영,0.645550343249428,1.2218464269419829,-89.27205906075794
3203110,보령댐,예측유입량포함,XGBoost,GradientBoosting,방류량변화,36,현재방류량유지,22.265194444444443,24.64086359988319,-10.669878322268673
3203110,보령댐,예측유입량포함,XGBoost,GradientBoosting,방류량변화,36,최근3시간평균,23.074111111111108,24.64086359988319,-6.790088169496713
3203110,보령댐,예측유입량포함,XGBoost,GradientBoosting,방류량변화,36,최근6시간평균,23.781875,24.64086359988319,-3.611946492373668
3203110,보령댐,예측유입량포함,XGBoost,GradientBoosting,방류량변화,36,최근3시간변화량반영,20.116083333333332,24.64086359988319,-22.49334620249895
3303110,부안댐,기본변수,GradientBoosting,XGBoost,전체,8760,현재방류량유지,0.07897397260273971,0.09772337681654349,-23.74124486318843
3303110,부안댐,기본변수,GradientBoosting,XGBoost,전체,8760,최근3시간평균,0.0938105783866059,0.09772337681654349,-4.170956513893792
3303110,부안댐,기본변수,GradientBoosting,XGBoost,전체,8760,최근6시간평균,0.11078525494672756,0.09772337681654349,11.79026769985323
3303110,부안댐,기본변수,GradientBoosting,XGBoost,전체,8760,최근3시간변화량반영,0.09399920091324201,0.09772337681654349,-3.961922938833019
3303110,부안댐,기본변수,GradientBoosting,XGBoost,강우발생,613,현재방류량유지,0.14985318107667212,0.274014950010167,-82.8556110997522
3303110,부안댐,기본변수,GradientBoosting,XGBoost,강우발생,613,최근3시간평균,0.18271234366503572,0.274014950010167,-49.97068315894148
3303110,부안댐,기본변수,GradientBoosting,XGBoost,강우발생,613,최근6시간평균,0.22971152800435019,0.274014950010167,-19.286547083948623
3303110,부안댐,기본변수,GradientBoosting,XGBoost,강우발생,613,최근3시간변화량반영,0.1470489396411093,0.274014950010167,-86.34269018119656
3303110,부안댐,기본변수,GradientBoosting,XGBoost,최근24시간누적강우,2426,현재방류량유지,0.13302596867271227,0.17548014585913116,-31.914202625255943
3303110,부안댐,기본변수,GradientBoosting,XGBoost,최근24시간누적강우,2426,최근3시간평균,0.16544751305303662,0.17548014585913116,-6.063936907216267
3303110,부안댐,기본변수,GradientBoosting,XGBoost,최근24시간누적강우,2426,최근6시간평균,0.20866804067051387,0.17548014585913116,15.904637195394134
3303110,부안댐,기본변수,GradientBoosting,XGBoost,최근24시간누적강우,2426,최근3시간변화량반영,0.12023371805441056,0.17548014585913116,-45.94919686316228
3303110,부안댐,기본변수,GradientBoosting,XGBoost,유입량급증,876,현재방류량유지,0.11925228310502284,0.1677285565127293,-40.650184755804204
3303110,부안댐,기본변수,GradientBoosting,XGBoost,유입량급증,876,최근3시간평균,0.1373888888888891,0.1677285565127293,-22.083057712459485
3303110,부안댐,기본변수,GradientBoosting,XGBoost,유입량급증,876,최근6시간평균,0.1559275114155251,0.1677285565127293,-7.568289258305455
3303110,부안댐,기본변수,GradientBoosting,XGBoost,유입량급증,876,최근3시간변화량반영,0.11623401826484014,0.1677285565127293,-44.302467570688684
3303110,부안댐,기본변수,GradientBoosting,XGBoost,방류량변화,9,현재방류량유지,6.056444444444445,2.894937723941057,52.200705372661794
3303110,부안댐,기본변수,GradientBoosting,XGBoost,방류량변화,9,최근3시간평균,7.309814814814812,2.894937723941057,60.39656547695459
3303110,부안댐,기본변수,GradientBoosting,XGBoost,방류량변화,9,최근6시간평균,8.54787037037037,2.894937723941057,66.13264358832781
3303110,부안댐,기본변수,GradientBoosting,XGBoost,방류량변화,9,최근3시간변화량반영,2.8955555555555557,2.894937723941057,0.021337239180691425
3303110,부안댐,기본변수,RandomForest,XGBoost,전체,8760,현재방류량유지,0.07897397260273971,0.09715321402289365,-23.019281949510635
3303110,부안댐,기본변수,RandomForest,XGBoost,전체,8760,최근3시간평균,0.0938105783866059,0.09715321402289365,-3.563175596799216
3303110,부안댐,기본변수,RandomForest,XGBoost,전체,8760,최근6시간평균,0.11078525494672756,0.09715321402289365,12.30492354816446
3303110,부안댐,기본변수,RandomForest,XGBoost,전체,8760,최근3시간변화량반영,0.09399920091324201,0.09715321402289365,-3.3553616190446944
3303110,부안댐,기본변수,RandomForest,XGBoost,강우발생,613,현재방류량유지,0.14985318107667212,0.24082504779559752,-60.70733104583199
3303110,부안댐,기본변수,RandomForest,XGBoost,강우발생,613,최근3시간평균,0.18271234366503572,0.24082504779559752,-31.80557096738855
3303110,부안댐,기본변수,RandomForest,XGBoost,강우발생,613,최근6시간평균,0.22971152800435019,0.24082504779559752,-4.838033113878756
3303110,부안댐,기본변수,RandomForest,XGBoost,강우발생,613,최근3시간변화량반영,0.1470489396411093,0.24082504779559752,-63.77203969192852
3303110,부안댐,기본변수,RandomForest,XGBoost,최근24시간누적강우,2426,현재방류량유지,0.13302596867271227,0.1580848879458226,-18.837614582430536
3303110,부안댐,기본변수,RandomForest,XGBoost,최근24시간누적강우,2426,최근3시간평균,0.16544751305303662,0.1580848879458226,4.450127397716659
3303110,부안댐,기본변수,RandomForest,XGBoost,최근24시간누적강우,2426,최근6시간평균,0.20866804067051387,0.1580848879458226,24.240967884757158
3303110,부안댐,기본변수,RandomForest,XGBoost,최근24시간누적강우,2426,최근3시간변화량반영,0.12023371805441056,0.1580848879458226,-31.48132695545759
3303110,부안댐,기본변수,RandomForest,XGBoost,유입량급증,876,현재방류량유지,0.11925228310502284,0.15018120290889983,-25.935704540464506
3303110,부안댐,기본변수,RandomForest,XGBoost,유입량급증,876,최근3시간평균,0.1373888888888891,0.15018120290889983,-9.311025166202711
3303110,부안댐,기본변수,RandomForest,XGBoost,유입량급증,876,최근6시간평균,0.1559275114155251,0.15018120290889983,3.6852435176190066
3303110,부안댐,기본변수,RandomForest,XGBoost,유입량급증,876,최근3시간변화량반영,0.11623401826484014,0.15018120290889983,-29.205894410972487
3303110,부안댐,기본변수,RandomForest,XGBoost,방류량변화,9,현재방류량유지,6.056444444444445,3.02468800617284,50.058354634997514
3303110,부안댐,기본변수,RandomForest,XGBoost,방류량변화,9,최근3시간평균,7.309814814814812,3.02468800617284,58.6215508491036
3303110,부안댐,기본변수,RandomForest,XGBoost,방류량변화,9,최근6시간평균,8.54787037037037,3.02468800617284,64.61471834367812
3303110,부안댐,기본변수,RandomForest,XGBoost,방류량변화,9,최근3시간변화량반영,2.8955555555555557,3.02468800617284,-4.459677880105747
3303110,부안댐,기본변수,XGBoost,XGBoost,전체,8760,현재방류량유지,0.07897397260273971,0.09154723593170784,-15.920768469144923
3303110,부안댐,기본변수,XGBoost,XGBoost,전체,8760,최근3시간평균,0.0938105783866059,0.09154723593170784,2.4126729563168547
3303110,부안댐,기본변수,XGBoost,XGBoost,전체,8760,최근6시간평균,0.11078525494672756,0.09154723593170784,17.365143966379417
3303110,부안댐,기본변수,XGBoost,XGBoost,전체,8760,최근3시간변화량반영,0.09399920091324201,0.09154723593170784,2.608495559230607
3303110,부안댐,기본변수,XGBoost,XGBoost,강우발생,613,현재방류량유지,0.14985318107667212,0.22295858717664813,-48.784687501943495
3303110,부안댐,기본변수,XGBoost,XGBoost,강우발생,613,최근3시간평균,0.18271234366503572,0.22295858717664813,-22.027107038479755
3303110,부안댐,기본변수,XGBoost,XGBoost,강우발생,613,최근6시간평균,0.22971152800435019,0.22295858717664813,2.939748338435228
3303110,부안댐,기본변수,XGBoost,XGBoost,강우발생,613,최근3시간변화량반영,0.1470489396411093,0.22295858717664813,-51.622029863530805
3303110,부안댐,기본변수,XGBoost,XGBoost,최근24시간누적강우,2426,현재방류량유지,0.13302596867271227,0.14899583057696822,-12.00507093734989
3303110,부안댐,기본변수,XGBoost,XGBoost,최근24시간누적강우,2426,최근3시간평균,0.16544751305303662,0.14899583057696822,9.943747217762395
3303110,부안댐,기본변수,XGBoost,XGBoost,최근24시간누적강우,2426,최근6시간평균,0.20866804067051387,0.14899583057696822,28.59671749531011
3303110,부안댐,기본변수,XGBoost,XGBoost,최근24시간누적강우,2426,최근3시간변화량반영,0.12023371805441056,0.14899583057696822,-23.921835727929206
3303110,부안댐,기본변수,XGBoost,XGBoost,유입량급증,876,현재방류량유지,0.11925228310502284,0.13854594265217107,-16.178859678650124
3303110,부안댐,기본변수,XGBoost,XGBoost,유입량급증,876,최근3시간평균,0.1373888888888891,0.13854594265217107,-0.842174190823926
3303110,부안댐,기본변수,XGBoost,XGBoost,유입량급증,876,최근6시간평균,0.1559275114155251,0.13854594265217107,11.147211037720323
3303110,부안댐,기본변수,XGBoost,XGBoost,유입량급증,876,최근3시간변화량반영,0.11623401826484014,0.13854594265217107,-19.195692208190746
3303110,부안댐,기본변수,XGBoost,XGBoost,방류량변화,9,현재방류량유지,6.056444444444445,3.071595152325101,49.28385490033407
3303110,부안댐,기본변수,XGBoost,XGBoost,방류량변화,9,최근3시간평균,7.309814814814812,3.071595152325101,57.979849966925364
3303110,부안댐,기본변수,XGBoost,XGBoost,방류량변화,9,최근6시간평균,8.54787037037037,3.071595152325101,64.06596006682292
3303110,부안댐,기본변수,XGBoost,XGBoost,방류량변화,9,최근3시간변화량반영,2.8955555555555557,3.071595152325101,-6.079648391887591
3303110,부안댐,예측유입량포함,GradientBoosting,XGBoost,전체,8760,현재방류량유지,0.07897397260273971,0.09939792705800428,-25.86162729587195
3303110,부안댐,예측유입량포함,GradientBoosting,XGBoost,전체,8760,최근3시간평균,0.0938105783866059,0.09939792705800428,-5.955990003997378
3303110,부안댐,예측유입량포함,GradientBoosting,XGBoost,전체,8760,최근6시간평균,0.11078525494672756,0.09939792705800428,10.278739615844197
3303110,부안댐,예측유입량포함,GradientBoosting,XGBoost,전체,8760,최근3시간변화량반영,0.09399920091324201,0.09939792705800428,-5.743374509901526
3303110,부안댐,예측유입량포함,GradientBoosting,XGBoost,강우발생,613,현재방류량유지,0.14985318107667212,0.2580099640845294,-72.1751665401878
3303110,부안댐,예측유입량포함,GradientBoosting,XGBoost,강우발생,613,최근3시간평균,0.18271234366503572,0.2580099640845294,-41.21101996126539
3303110,부안댐,예측유입량포함,GradientBoosting,XGBoost,강우발생,613,최근6시간평균,0.22971152800435019,0.2580099640845294,-12.319118820907992
3303110,부안댐,예측유입량포함,GradientBoosting,XGBoost,강우발생,613,최근3시간변화량반영,0.1470489396411093,0.2580099640845294,-75.45856822513234
3303110,부안댐,예측유입량포함,GradientBoosting,XGBoost,최근24시간누적강우,2426,현재방류량유지,0.13302596867271227,0.1750867760652409,-31.61849360105926
3303110,부안댐,예측유입량포함,GradientBoosting,XGBoost,최근24시간누적강우,2426,최근3시간평균,0.16544751305303662,0.1750867760652409,-5.826175827202835
3303110,부안댐,예측유입량포함,GradientBoosting,XGBoost,최근24시간누적강우,2426,최근6시간평균,0.20866804067051387,0.1750867760652409,16.09315182975129
3303110,부안댐,예측유입량포함,GradientBoosting,XGBoost,최근24시간누적강우,2426,최근3시간변화량반영,0.12023371805441056,0.1750867760652409,-45.6220259162302
3303110,부안댐,예측유입량포함,GradientBoosting,XGBoost,유입량급증,876,현재방류량유지,0.11925228310502284,0.17394447462167623,-45.86259490603395
3303110,부안댐,예측유입량포함,GradientBoosting,XGBoost,유입량급증,876,최근3시간평균,0.1373888888888891,0.17394447462167623,-26.60738144723686
3303110,부안댐,예측유입량포함,GradientBoosting,XGBoost,유입량급증,876,최근6시간평균,0.1559275114155251,0.17394447462167623,-11.554704517882302
3303110,부안댐,예측유입량포함,GradientBoosting,XGBoost,유입량급증,876,최근3시간변화량반영,0.11623401826484014,0.17394447462167623,-49.65022909673685
3303110,부안댐,예측유입량포함,GradientBoosting,XGBoost,방류량변화,9,현재방류량유지,6.056444444444445,3.395962155398069,43.92812174619758
3303110,부안댐,예측유입량포함,GradientBoosting,XGBoost,방류량변화,9,최근3시간평균,7.309814814814812,3.395962155398069,53.54243244965019
3303110,부안댐,예측유입량포함,GradientBoosting,XGBoost,방류량변화,9,최근6시간평균,8.54787037037037,3.395962155398069,60.271248764258864
3303110,부안댐,예측유입량포함,GradientBoosting,XGBoost,방류량변화,9,최근3시간변화량반영,2.8955555555555557,3.395962155398069,-17.28188564306454
3303110,부안댐,예측유입량포함,RandomForest,XGBoost,전체,8760,현재방류량유지,0.07897397260273971,0.09347526177066211,-18.362111832549918
3303110,부안댐,예측유입량포함,RandomForest,XGBoost,전체,8760,최근3시간평균,0.0938105783866059,0.09347526177066211,0.3574400901377174
3303110,부안댐,예측유입량포함,RandomForest,XGBoost,전체,8760,최근6시간평균,0.11078525494672756,0.09347526177066211,15.624816844434012
3303110,부안댐,예측유입량포함,RandomForest,XGBoost,전체,8760,최근3시간변화량반영,0.09399920091324201,0.09347526177066211,0.557386804876655
3303110,부안댐,예측유입량포함,RandomForest,XGBoost,강우발생,613,현재방류량유지,0.14985318107667212,0.22318572538482012,-48.936261333436455
3303110,부안댐,예측유입량포함,RandomForest,XGBoost,강우발생,613,최근3시간평균,0.18271234366503572,0.22318572538482012,-22.15142168718702
3303110,부안댐,예측유입량포함,RandomForest,XGBoost,강우발생,613,최근6시간평균,0.22971152800435019,0.22318572538482012,2.8408685781788368
3303110,부안댐,예측유입량포함,RandomForest,XGBoost,강우발생,613,최근3시간변화량반영,0.1470489396411093,0.22318572538482012,-51.77649422670565
3303110,부안댐,예측유입량포함,RandomForest,XGBoost,최근24시간누적강우,2426,현재방류량유지,0.13302596867271227,0.1472550204678989,-10.696446669142315
3303110,부안댐,예측유입량포함,RandomForest,XGBoost,최근24시간누적강우,2426,최근3시간평균,0.16544751305303662,0.1472550204678989,10.995929917245629
3303110,부안댐,예측유입량포함,RandomForest,XGBoost,최근24시간누적강우,2426,최근6시간평균,0.20866804067051387,0.1472550204678989,29.430966047927733
3303110,부안댐,예측유입량포함,RandomForest,XGBoost,최근24시간누적강우,2426,최근3시간변화량반영,0.12023371805441056,0.1472550204678989,-22.473980552826387
3303110,부안댐,예측유입량포함,RandomForest,XGBoost,유입량급증,876,현재방류량유지,0.11925228310502284,0.13610894051901928,-14.13529114503507
3303110,부안댐,예측유입량포함,RandomForest,XGBoost,유입량급증,876,최근3시간평균,0.1373888888888891,0.13610894051901928,0.9316243694968236
3303110,부안댐,예측유입량포함,RandomForest,XGBoost,유입량급증,876,최근6시간평균,0.1559275114155251,0.13610894051901928,12.710118128988853
3303110,부안댐,예측유입량포함,RandomForest,XGBoost,유입량급증,876,최근3시간변화량반영,0.11623401826484014,0.13610894051901928,-17.099058047613884
3303110,부안댐,예측유입량포함,RandomForest,XGBoost,방류량변화,9,현재방류량유지,6.056444444444445,2.9977604171075862,50.502965153797106
3303110,부안댐,예측유입량포함,RandomForest,XGBoost,방류량변화,9,최근3시간평균,7.309814814814812,2.9977604171075862,58.98992665269686
3303110,부안댐,예측유입량포함,RandomForest,XGBoost,방류량변화,9,최근6시간평균,8.54787037037037,2.9977604171075862,64.92973937112131
3303110,부안댐,예측유입량포함,RandomForest,XGBoost,방류량변화,9,최근3시간변화량반영,2.8955555555555557,2.9977604171075862,-3.529715095810725
3303110,부안댐,예측유입량포함,XGBoost,XGBoost,전체,8760,현재방류량유지,0.07897397260273971,0.0953059140809867,-20.68015694284627
3303110,부안댐,예측유입량포함,XGBoost,XGBoost,전체,8760,최근3시간평균,0.0938105783866059,0.0953059140809867,-1.5939947499505989
3303110,부안댐,예측유입량포함,XGBoost,XGBoost,전체,8760,최근6시간평균,0.11078525494672756,0.0953059140809867,13.972383665303015
3303110,부안댐,예측유입량포함,XGBoost,XGBoost,전체,8760,최근3시간변화량반영,0.09399920091324201,0.0953059140809867,-1.390132208624551
3303110,부안댐,예측유입량포함,XGBoost,XGBoost,강우발생,613,현재방류량유지,0.14985318107667212,0.24202664872833804,-61.50918318144046
3303110,부안댐,예측유입량포함,XGBoost,XGBoost,강우발생,613,최근3시간평균,0.18271234366503572,0.24202664872833804,-32.463217248224076
3303110,부안댐,예측유입량포함,XGBoost,XGBoost,강우발생,613,최근6시간평균,0.22971152800435019,0.24202664872833804,-5.361124376724636
3303110,부안댐,예측유입량포함,XGBoost,XGBoost,강우발생,613,최근3시간변화량반영,0.1470489396411093,0.24202664872833804,-64.5891832467703
3303110,부안댐,예측유입량포함,XGBoost,XGBoost,최근24시간누적강우,2426,현재방류량유지,0.13302596867271227,0.1582921387477051,-18.993411833110518
3303110,부안댐,예측유입량포함,XGBoost,XGBoost,최근24시간누적강우,2426,최근3시간평균,0.16544751305303662,0.1582921387477051,4.324860599770859
3303110,부안댐,예측유입량포함,XGBoost,XGBoost,최근24시간누적강우,2426,최근6시간평균,0.20866804067051387,0.1582921387477051,24.14164706820253
3303110,부안댐,예측유입량포함,XGBoost,XGBoost,최근24시간누적강우,2426,최근3시간변화량반영,0.12023371805441056,0.1582921387477051,-31.65370023413197
3303110,부안댐,예측유입량포함,XGBoost,XGBoost,유입량급증,876,현재방류량유지,0.11925228310502284,0.14470339621419775,-21.34224389377995
3303110,부안댐,예측유입량포함,XGBoost,XGBoost,유입량급증,876,최근3시간평균,0.1373888888888891,0.14470339621419775,-5.323943867996596
3303110,부안댐,예측유입량포함,XGBoost,XGBoost,유입량급증,876,최근6시간평균,0.1559275114155251,0.14470339621419775,7.198290474486344
3303110,부안댐,예측유입량포함,XGBoost,XGBoost,유입량급증,876,최근3시간변화량반영,0.11623401826484014,0.14470339621419775,-24.493154735896596
3303110,부안댐,예측유입량포함,XGBoost,XGBoost,방류량변화,9,현재방류량유지,6.056444444444445,3.3567659988403324,44.57530272700706
3303110,부안댐,예측유입량포함,XGBoost,XGBoost,방류량변화,9,최근3시간평균,7.309814814814812,3.3567659988403324,54.07864516571378
3303110,부안댐,예측유입량포함,XGBoost,XGBoost,방류량변화,9,최근6시간평균,8.54787037037037,3.3567659988403324,60.72979755898091
3303110,부안댐,예측유입량포함,XGBoost,XGBoost,방류량변화,9,최근3시간변화량반영,2.8955555555555557,3.3567659988403324,-15.928219453426673
4001110,섬진강댐,기본변수,GradientBoosting,GradientBoosting,전체,8664,현재방류량유지,1.1480491689750694,1.8958229161018876,-65.13429627708364
4001110,섬진강댐,기본변수,GradientBoosting,GradientBoosting,전체,8664,최근3시간평균,1.4414530240073873,1.8958229161018876,-31.521657974763922
4001110,섬진강댐,기본변수,GradientBoosting,GradientBoosting,전체,8664,최근6시간평균,1.8262983995075408,1.8958229161018876,-3.806854159927752
4001110,섬진강댐,기본변수,GradientBoosting,GradientBoosting,전체,8664,최근3시간변화량반영,1.8582363804247461,1.8958229161018876,-2.022699376305941
4001110,섬진강댐,기본변수,GradientBoosting,GradientBoosting,강우발생,673,현재방류량유지,1.429665676077266,3.178648990700494,-122.33512658862384
4001110,섬진강댐,기본변수,GradientBoosting,GradientBoosting,강우발생,673,최근3시간평균,1.9472867756315009,3.178648990700494,-63.234764929252144
4001110,섬진강댐,기본변수,GradientBoosting,GradientBoosting,강우발생,673,최근6시간평균,2.751866518078257,3.178648990700494,-15.508836268711068
4001110,섬진강댐,기본변수,GradientBoosting,GradientBoosting,강우발생,673,최근3시간변화량반영,2.6627518573551265,3.178648990700494,-19.37458542824192
4001110,섬진강댐,기본변수,GradientBoosting,GradientBoosting,최근24시간누적강우,2738,현재방류량유지,1.6939777209642077,2.965739072300606,-75.07544730945547
4001110,섬진강댐,기본변수,GradientBoosting,GradientBoosting,최근24시간누적강우,2738,최근3시간평균,2.178744460676893,2.965739072300606,-36.121473895989126
4001110,섬진강댐,기본변수,GradientBoosting,GradientBoosting,최근24시간누적강우,2738,최근6시간평균,2.86829321889457,2.965739072300606,-3.397346295145911
4001110,섬진강댐,기본변수,GradientBoosting,GradientBoosting,최근24시간누적강우,2738,최근3시간변화량반영,2.8926621621621624,2.965739072300606,-2.5262856857027933
4001110,섬진강댐,기본변수,GradientBoosting,GradientBoosting,유입량급증,867,현재방류량유지,1.8242895040369087,2.8597858882525027,-56.761625932955205
4001110,섬진강댐,기본변수,GradientBoosting,GradientBoosting,유입량급증,867,최근3시간평균,2.2480634371395602,2.8597858882525027,-27.211084927892387
4001110,섬진강댐,기본변수,GradientBoosting,GradientBoosting,유입량급증,867,최근6시간평균,2.6694686658977314,2.8597858882525027,-7.12940461845685
4001110,섬진강댐,기본변수,GradientBoosting,GradientBoosting,유입량급증,867,최근3시간변화량반영,2.728852364475202,2.8597858882525027,-4.798116801107386
4001110,섬진강댐,기본변수,GradientBoosting,GradientBoosting,방류량변화,522,현재방류량유지,16.350726053639846,16.988375169872842,-3.8998214155208646
4001110,섬진강댐,기본변수,GradientBoosting,GradientBoosting,방류량변화,522,최근3시간평균,17.42351660280971,16.988375169872842,2.497437474055587
4001110,섬진강댐,기본변수,GradientBoosting,GradientBoosting,방류량변화,522,최근6시간평균,17.942094508301402,16.988375169872842,5.315540713417238
4001110,섬진강댐,기본변수,GradientBoosting,GradientBoosting,방류량변화,522,최근3시간변화량반영,16.597862068965515,16.988375169872842,-2.3527915781244144
4001110,섬진강댐,기본변수,RandomForest,GradientBoosting,전체,8664,현재방류량유지,1.1480491689750694,3.2422828756897975,-182.41672598259646
4001110,섬진강댐,기본변수,RandomForest,GradientBoosting,전체,8664,최근3시간평균,1.4414530240073873,3.2422828756897975,-124.93156708471278
4001110,섬진강댐,기본변수,RandomForest,GradientBoosting,전체,8664,최근6시간평균,1.8262983995075408,3.2422828756897975,-77.53302946353537
4001110,섬진강댐,기본변수,RandomForest,GradientBoosting,전체,8664,최근3시간변화량반영,1.8582363804247461,3.2422828756897975,-74.48172416841248
4001110,섬진강댐,기본변수,RandomForest,GradientBoosting,강우발생,673,현재방류량유지,1.429665676077266,4.726219741376503,-230.5821647998406
4001110,섬진강댐,기본변수,RandomForest,GradientBoosting,강우발생,673,최근3시간평균,1.9472867756315009,4.726219741376503,-142.707946283043
4001110,섬진강댐,기본변수,RandomForest,GradientBoosting,강우발생,673,최근6시간평균,2.751866518078257,4.726219741376503,-71.74596624973726
4001110,섬진강댐,기본변수,RandomForest,GradientBoosting,강우발생,673,최근3시간변화량반영,2.6627518573551265,4.726219741376503,-77.49381071020976
4001110,섬진강댐,기본변수,RandomForest,GradientBoosting,최근24시간누적강우,2738,현재방류량유지,1.6939777209642077,4.539296549583016,-167.9667207783146
4001110,섬진강댐,기본변수,RandomForest,GradientBoosting,최근24시간누적강우,2738,최근3시간평균,2.178744460676893,4.539296549583016,-108.34460541429193
4001110,섬진강댐,기본변수,RandomForest,GradientBoosting,최근24시간누적강우,2738,최근6시간평균,2.86829321889457,4.539296549583016,-58.25775829614953
4001110,섬진강댐,기본변수,RandomForest,GradientBoosting,최근24시간누적강우,2738,최근3시간변화량반영,2.8926621621621624,4.539296549583016,-56.92453162902551
4001110,섬진강댐,기본변수,RandomForest,GradientBoosting,유입량급증,867,현재방류량유지,1.8242895040369087,4.1642427885284645,-128.2665541468913
4001110,섬진강댐,기본변수,RandomForest,GradientBoosting,유입량급증,867,최근3시간평균,2.2480634371395602,4.1642427885284645,-85.23688965944191
4001110,섬진강댐,기본변수,RandomForest,GradientBoosting,유입량급증,867,최근6시간평균,2.6694686658977314,4.1642427885284645,-55.99519266610484
4001110,섬진강댐,기본변수,RandomForest,GradientBoosting,유입량급증,867,최근3시간변화량반영,2.728852364475202,4.1642427885284645,-52.600515980251984
4001110,섬진강댐,기본변수,RandomForest,GradientBoosting,방류량변화,522,현재방류량유지,16.350726053639846,15.51445873756586,5.114557685882236
4001110,섬진강댐,기본변수,RandomForest,GradientBoosting,방류량변화,522,최근3시간평균,17.42351660280971,15.51445873756586,10.956788510397464
4001110,섬진강댐,기본변수,RandomForest,GradientBoosting,방류량변화,522,최근6시간평균,17.942094508301402,15.51445873756586,13.53039228286491
4001110,섬진강댐,기본변수,RandomForest,GradientBoosting,방류량변화,522,최근3시간변화량반영,16.597862068965515,15.51445873756586,6.527366759032114
4001110,섬진강댐,기본변수,XGBoost,GradientBoosting,전체,8664,현재방류량유지,1.1480491689750694,2.09303666767167,-82.31245875472793
4001110,섬진강댐,기본변수,XGBoost,GradientBoosting,전체,8664,최근3시간평균,1.4414530240073873,2.09303666767167,-45.20325205276641
4001110,섬진강댐,기본변수,XGBoost,GradientBoosting,전체,8664,최근6시간평균,1.8262983995075408,2.09303666767167,-14.60540447475916
4001110,섬진강댐,기본변수,XGBoost,GradientBoosting,전체,8664,최근3시간변화량반영,1.8582363804247461,2.09303666767167,-12.635652262563845
4001110,섬진강댐,기본변수,XGBoost,GradientBoosting,강우발생,673,현재방류량유지,1.429665676077266,3.9724345850696534,-177.85758947289466
4001110,섬진강댐,기본변수,XGBoost,GradientBoosting,강우발생,673,최근3시간평균,1.9472867756315009,3.9724345850696534,-103.99843694216028
4001110,섬진강댐,기본변수,XGBoost,GradientBoosting,강우발생,673,최근6시간평균,2.751866518078257,3.9724345850696534,-44.354188656060614
4001110,섬진강댐,기본변수,XGBoost,GradientBoosting,강우발생,673,최근3시간변화량반영,2.6627518573551265,3.9724345850696534,-49.18530895385108
4001110,섬진강댐,기본변수,XGBoost,GradientBoosting,최근24시간누적강우,2738,현재방류량유지,1.6939777209642077,3.4916476319099186,-106.12122513172615
4001110,섬진강댐,기본변수,XGBoost,GradientBoosting,최근24시간누적강우,2738,최근3시간평균,2.178744460676893,3.4916476319099186,-60.25962176514873
4001110,섬진강댐,기본변수,XGBoost,GradientBoosting,최근24시간누적강우,2738,최근6시간평균,2.86829321889457,3.4916476319099186,-21.73259027037644
4001110,섬진강댐,기본변수,XGBoost,GradientBoosting,최근24시간누적강우,2738,최근3시간변화량반영,2.8926621621621624,3.4916476319099186,-20.707066230646017
4001110,섬진강댐,기본변수,XGBoost,GradientBoosting,유입량급증,867,현재방류량유지,1.8242895040369087,3.1345294244869635,-71.82192944434911
4001110,섬진강댐,기본변수,XGBoost,GradientBoosting,유입량급증,867,최근3시간평균,2.2480634371395602,3.1345294244869635,-39.43242760423807
4001110,섬진강댐,기본변수,XGBoost,GradientBoosting,유입량급증,867,최근6시간평균,2.6694686658977314,3.1345294244869635,-17.421472839533557
4001110,섬진강댐,기본변수,XGBoost,GradientBoosting,유입량급증,867,최근3시간변화량반영,2.728852364475202,3.1345294244869635,-14.86621501745402
4001110,섬진강댐,기본변수,XGBoost,GradientBoosting,방류량변화,522,현재방류량유지,16.350726053639846,17.113001303201433,-4.662026915874453
4001110,섬진강댐,기본변수,XGBoost,GradientBoosting,방류량변화,522,최근3시간평균,17.42351660280971,17.113001303201433,1.782162043902222
4001110,섬진강댐,기본변수,XGBoost,GradientBoosting,방류량변화,522,최근6시간평균,17.942094508301402,17.113001303201433,4.620938791267467
4001110,섬진강댐,기본변수,XGBoost,GradientBoosting,방류량변화,522,최근3시간변화량반영,16.597862068965515,17.113001303201433,-3.1036481210379407
4001110,섬진강댐,예측유입량포함,GradientBoosting,GradientBoosting,전체,8664,현재방류량유지,1.1480491689750694,1.8450796808434184,-60.71434314007901
4001110,섬진강댐,예측유입량포함,GradientBoosting,GradientBoosting,전체,8664,최근3시간평균,1.4414530240073873,1.8450796808434184,-28.00137431561298
4001110,섬진강댐,예측유입량포함,GradientBoosting,GradientBoosting,전체,8664,최근6시간평균,1.8262983995075408,1.8450796808434184,-1.0283796635282598
4001110,섬진강댐,예측유입량포함,GradientBoosting,GradientBoosting,전체,8664,최근3시간변화량반영,1.8582363804247461,1.8450796808434184,0.7080207728104221
4001110,섬진강댐,예측유입량포함,GradientBoosting,GradientBoosting,강우발생,673,현재방류량유지,1.429665676077266,3.0159148301488523,-110.95245417263959
4001110,섬진강댐,예측유입량포함,GradientBoosting,GradientBoosting,강우발생,673,최근3시간평균,1.9472867756315009,3.0159148301488523,-54.877795499371054
4001110,섬진강댐,예측유입량포함,GradientBoosting,GradientBoosting,강우발생,673,최근6시간평균,2.751866518078257,3.0159148301488523,-9.595244185571595
4001110,섬진강댐,예측유입량포함,GradientBoosting,GradientBoosting,강우발생,673,최근3시간변화량반영,2.6627518573551265,3.0159148301488523,-13.263082394185899
4001110,섬진강댐,예측유입량포함,GradientBoosting,GradientBoosting,최근24시간누적강우,2738,현재방류량유지,1.6939777209642077,2.8319461918358453,-67.1772985434489
4001110,섬진강댐,예측유입량포함,GradientBoosting,GradientBoosting,최근24시간누적강우,2738,최근3시간평균,2.178744460676893,2.8319461918358453,-29.980649082454363
4001110,섬진강댐,예측유입량포함,GradientBoosting,GradientBoosting,최근24시간누적강우,2738,최근6시간평균,2.86829321889457,2.8319461918358453,1.2672005365174184
4001110,섬진강댐,예측유입량포함,GradientBoosting,GradientBoosting,최근24시간누적강우,2738,최근3시간변화량반영,2.8926621621621624,2.8319461918358453,2.0989651373921285
4001110,섬진강댐,예측유입량포함,GradientBoosting,GradientBoosting,유입량급증,867,현재방류량유지,1.8242895040369087,2.774331017885741,-52.07734363139828
4001110,섬진강댐,예측유입량포함,GradientBoosting,GradientBoosting,유입량급증,867,최근3시간평균,2.2480634371395602,2.774331017885741,-23.409818960260502
4001110,섬진강댐,예측유입량포함,GradientBoosting,GradientBoosting,유입량급증,867,최근6시간평균,2.6694686658977314,2.774331017885741,-3.928210633360061
4001110,섬진강댐,예측유입량포함,GradientBoosting,GradientBoosting,유입량급증,867,최근3시간변화량반영,2.728852364475202,2.774331017885741,-1.6665853383125528
4001110,섬진강댐,예측유입량포함,GradientBoosting,GradientBoosting,방류량변화,522,현재방류량유지,16.350726053639846,17.12466796171865,-4.733379456911127
4001110,섬진강댐,예측유입량포함,GradientBoosting,GradientBoosting,방류량변화,522,최근3시간평균,17.42351660280971,17.12466796171865,1.71520277968953
4001110,섬진강댐,예측유입량포함,GradientBoosting,GradientBoosting,방류량변화,522,최근6시간평균,17.942094508301402,17.12466796171865,4.5559148415172315
4001110,섬진강댐,예측유입량포함,GradientBoosting,GradientBoosting,방류량변화,522,최근3시간변화량반영,16.597862068965515,17.12466796171865,-3.1739382491805994
4001110,섬진강댐,예측유입량포함,RandomForest,GradientBoosting,전체,8664,현재방류량유지,1.1480491689750694,3.25208887474433,-183.2708705017974
4001110,섬진강댐,예측유입량포함,RandomForest,GradientBoosting,전체,8664,최근3시간평균,1.4414530240073873,3.25208887474433,-125.61185280274962
4001110,섬진강댐,예측유입량포함,RandomForest,GradientBoosting,전체,8664,최근6시간평균,1.8262983995075408,3.25208887474433,-78.06996247827036
4001110,섬진강댐,예측유입량포함,RandomForest,GradientBoosting,전체,8664,최근3시간변화량반영,1.8582363804247461,3.25208887474433,-75.00942877896858
4001110,섬진강댐,예측유입량포함,RandomForest,GradientBoosting,강우발생,673,현재방류량유지,1.429665676077266,4.8080512400600055,-236.30598541418402
4001110,섬진강댐,예측유입량포함,RandomForest,GradientBoosting,강우발생,673,최근3시간평균,1.9472867756315009,4.8080512400600055,-146.91028051072576
4001110,섬진강댐,예측유입량포함,RandomForest,GradientBoosting,강우발생,673,최근6시간평균,2.751866518078257,4.8080512400600055,-74.71963877876127
4001110,섬진강댐,예측유입량포함,RandomForest,GradientBoosting,강우발생,673,최근3시간변화량반영,2.6627518573551265,4.8080512400600055,-80.56700352227992
4001110,섬진강댐,예측유입량포함,RandomForest,GradientBoosting,최근24시간누적강우,2738,현재방류량유지,1.6939777209642077,4.641997329043591,-174.029420316188
4001110,섬진강댐,예측유입량포함,RandomForest,GradientBoosting,최근24시간누적강우,2738,최근3시간평균,2.178744460676893,4.641997329043591,-113.05836516511046
4001110,섬진강댐,예측유입량포함,RandomForest,GradientBoosting,최근24시간누적강우,2738,최근6시간평균,2.86829321889457,4.641997329043591,-61.838312013044494
4001110,섬진강댐,예측유입량포함,RandomForest,GradientBoosting,최근24시간누적강우,2738,최근3시간변화량반영,2.8926621621621624,4.641997329043591,-60.47492132900383
4001110,섬진강댐,예측유입량포함,RandomForest,GradientBoosting,유입량급증,867,현재방류량유지,1.8242895040369087,4.220610861003087,-131.35641857629724
4001110,섬진강댐,예측유입량포함,RandomForest,GradientBoosting,유입량급증,867,최근3시간평균,2.2480634371395602,4.220610861003087,-87.74429543560387
4001110,섬진강댐,예측유입량포함,RandomForest,GradientBoosting,유입량급증,867,최근6시간평균,2.6694686658977314,4.220610861003087,-58.106776637653965
4001110,섬진강댐,예측유입량포함,RandomForest,GradientBoosting,유입량급증,867,최근3시간변화량반영,2.728852364475202,4.220610861003087,-54.66614888910534
4001110,섬진강댐,예측유입량포함,RandomForest,GradientBoosting,방류량변화,522,현재방류량유지,16.350726053639846,15.681858114432499,4.090753750096926
4001110,섬진강댐,예측유입량포함,RandomForest,GradientBoosting,방류량변화,522,최근3시간평균,17.42351660280971,15.681858114432499,9.996021630308263
4001110,섬진강댐,예측유입량포함,RandomForest,GradientBoosting,방류량변화,522,최근6시간평균,17.942094508301402,15.681858114432499,12.597394316606362
4001110,섬진강댐,예측유입량포함,RandomForest,GradientBoosting,방류량변화,522,최근3시간변화량반영,16.597862068965515,15.681858114432499,5.518806884446578
4001110,섬진강댐,예측유입량포함,XGBoost,GradientBoosting,전체,8664,현재방류량유지,1.1480491689750694,2.057151406890908,-79.18669883515939
4001110,섬진강댐,예측유입량포함,XGBoost,GradientBoosting,전체,8664,최근3시간평균,1.4414530240073873,2.057151406890908,-42.71373209040249
4001110,섬진강댐,예측유입량포함,XGBoost,GradientBoosting,전체,8664,최근6시간평균,1.8262983995075408,2.057151406890908,-12.640486759754937
4001110,섬진강댐,예측유입량포함,XGBoost,GradientBoosting,전체,8664,최근3시간변화량반영,1.8582363804247461,2.057151406890908,-10.704506087685932
4001110,섬진강댐,예측유입량포함,XGBoost,GradientBoosting,강우발생,673,현재방류량유지,1.429665676077266,3.8383191525061098,-168.476694707936
4001110,섬진강댐,예측유입량포함,XGBoost,GradientBoosting,강우발생,673,최근3시간평균,1.9472867756315009,3.8383191525061098,-97.1111394859317
4001110,섬진강댐,예측유입량포함,XGBoost,GradientBoosting,강우발생,673,최근6시간평균,2.751866518078257,3.8383191525061098,-39.480571724335235
4001110,섬진강댐,예측유입량포함,XGBoost,GradientBoosting,강우발생,673,최근3시간변화량반영,2.6627518573551265,3.8383191525061098,-44.14858605407781
4001110,섬진강댐,예측유입량포함,XGBoost,GradientBoosting,최근24시간누적강우,2738,현재방류량유지,1.6939777209642077,3.3454214706393035,-97.4891068068533
4001110,섬진강댐,예측유입량포함,XGBoost,GradientBoosting,최근24시간누적강우,2738,최근3시간평균,2.178744460676893,3.3454214706393035,-53.54813430483476
4001110,섬진강댐,예측유입량포함,XGBoost,GradientBoosting,최근24시간누적강우,2738,최근6시간평균,2.86829321889457,3.3454214706393035,-16.634570294337518
4001110,섬진강댐,예측유입량포함,XGBoost,GradientBoosting,최근24시간누적강우,2738,최근3시간변화량반영,2.8926621621621624,3.3454214706393035,-15.651994014355258
4001110,섬진강댐,예측유입량포함,XGBoost,GradientBoosting,유입량급증,867,현재방류량유지,1.8242895040369087,3.053890978317085,-67.40166358241018
4001110,섬진강댐,예측유입량포함,XGBoost,GradientBoosting,유입량급증,867,최근3시간평균,2.2480634371395602,3.053890978317085,-35.84540933608445
4001110,섬진강댐,예측유입량포함,XGBoost,GradientBoosting,유입량급증,867,최근6시간평균,2.6694686658977314,3.053890978317085,-14.40070517891148
4001110,섬진강댐,예측유입량포함,XGBoost,GradientBoosting,유입량급증,867,최근3시간변화량반영,2.728852364475202,3.053890978317085,-11.911183546362096
4001110,섬진강댐,예측유입량포함,XGBoost,GradientBoosting,방류량변화,522,현재방류량유지,16.350726053639846,16.98304407867344,-3.867216801010703
4001110,섬진강댐,예측유입량포함,XGBoost,GradientBoosting,방류량변화,522,최근3시간평균,17.42351660280971,16.98304407867344,2.5280345763566348
4001110,섬진강댐,예측유입량포함,XGBoost,GradientBoosting,방류량변화,522,최근6시간평균,17.942094508301402,16.98304407867344,5.345253471852075
4001110,섬진강댐,예측유입량포함,XGBoost,GradientBoosting,방류량변화,522,최근3시간변화량반영,16.597862068965515,16.98304407867344,-2.320672434241602
4007110,주암(본)댐,기본변수,GradientBoosting,XGBoost,전체,8695,현재방류량유지,2.549970327774583,4.698672132372567,-84.26379637417996
4007110,주암(본)댐,기본변수,GradientBoosting,XGBoost,전체,8695,최근3시간평균,2.867174238067857,4.698672132372567,-63.87815117712998
4007110,주암(본)댐,기본변수,GradientBoosting,XGBoost,전체,8695,최근6시간평균,3.031373241326433,4.698672132372567,-55.0014385663897
4007110,주암(본)댐,기본변수,GradientBoosting,XGBoost,전체,8695,최근3시간변화량반영,3.7665710178263363,4.698672132372567,-24.746675693483684
4007110,주암(본)댐,기본변수,GradientBoosting,XGBoost,강우발생,679,현재방류량유지,4.791832106038292,8.078212459359875,-68.58296118472815
4007110,주암(본)댐,기본변수,GradientBoosting,XGBoost,강우발생,679,최근3시간평균,5.915335787923417,8.078212459359875,-36.56388663264267
4007110,주암(본)댐,기본변수,GradientBoosting,XGBoost,강우발생,679,최근6시간평균,6.036012763868435,8.078212459359875,-33.83358808841568
4007110,주암(본)댐,기본변수,GradientBoosting,XGBoost,강우발생,679,최근3시간변화량반영,7.134759941089837,8.078212459359875,-13.223325326428927
4007110,주암(본)댐,기본변수,GradientBoosting,XGBoost,최근24시간누적강우,2747,현재방류량유지,4.071206771022934,6.665180374964827,-63.71510340385217
4007110,주암(본)댐,기본변수,GradientBoosting,XGBoost,최근24시간누적강우,2747,최근3시간평균,4.633663511709745,6.665180374964827,-43.84256340843976
4007110,주암(본)댐,기본변수,GradientBoosting,XGBoost,최근24시간누적강우,2747,최근6시간평균,4.765740201431865,6.665180374964827,-39.85614182162669
4007110,주암(본)댐,기본변수,GradientBoosting,XGBoost,최근24시간누적강우,2747,최근3시간변화량반영,5.919292682926828,6.665180374964827,-12.600959810441232
4007110,주암(본)댐,기본변수,GradientBoosting,XGBoost,유입량급증,870,현재방류량유지,2.4651528735632184,3.5256449870014372,-43.01932447318556
4007110,주암(본)댐,기본변수,GradientBoosting,XGBoost,유입량급증,870,최근3시간평균,2.9321306513409957,3.5256449870014372,-20.24174248132499
4007110,주암(본)댐,기본변수,GradientBoosting,XGBoost,유입량급증,870,최근6시간평균,3.2163252873563213,3.5256449870014372,-9.617177120146428
4007110,주암(본)댐,기본변수,GradientBoosting,XGBoost,유입량급증,870,최근3시간변화량반영,3.0312597701149424,3.5256449870014372,-16.30956283458835
4007110,주암(본)댐,기본변수,GradientBoosting,XGBoost,방류량변화,706,현재방류량유지,27.723499999999998,25.23713712639665,8.96843065847872
4007110,주암(본)댐,기본변수,GradientBoosting,XGBoost,방류량변화,706,최근3시간평균,20.6051416430595,25.23713712639665,-22.47980413615531
4007110,주암(본)댐,기본변수,GradientBoosting,XGBoost,방류량변화,706,최근6시간평균,19.018615203021717,25.23713712639665,-32.69702792234274
4007110,주암(본)댐,기본변수,GradientBoosting,XGBoost,방류량변화,706,최근3시간변화량반영,33.94004674220963,25.23713712639665,25.64200833874982
4007110,주암(본)댐,기본변수,RandomForest,XGBoost,전체,8695,현재방류량유지,2.549970327774583,5.182648290312882,-103.24347439900983
4007110,주암(본)댐,기본변수,RandomForest,XGBoost,전체,8695,최근3시간평균,2.867174238067857,5.182648290312882,-80.75805165595328
4007110,주암(본)댐,기본변수,RandomForest,XGBoost,전체,8695,최근6시간평균,3.031373241326433,5.182648290312882,-70.96701322220285
4007110,주암(본)댐,기본변수,RandomForest,XGBoost,전체,8695,최근3시간변화량반영,3.7665710178263363,5.182648290312882,-37.59592652798976
4007110,주암(본)댐,기본변수,RandomForest,XGBoost,강우발생,679,현재방류량유지,4.791832106038292,8.27350967960586,-72.65858854237047
4007110,주암(본)댐,기본변수,RandomForest,XGBoost,강우발생,679,최근3시간평균,5.915335787923417,8.27350967960586,-39.86542736080722
4007110,주암(본)댐,기본변수,RandomForest,XGBoost,강우발생,679,최근6시간평균,6.036012763868435,8.27350967960586,-37.06912167467703
4007110,주암(본)댐,기본변수,RandomForest,XGBoost,강우발생,679,최근3시간변화량반영,7.134759941089837,8.27350967960586,-15.960589394996221
4007110,주암(본)댐,기본변수,RandomForest,XGBoost,최근24시간누적강우,2747,현재방류량유지,4.071206771022934,6.8222237978163065,-67.57252042254171
4007110,주암(본)댐,기본변수,RandomForest,XGBoost,최근24시간누적강우,2747,최근3시간평균,4.633663511709745,6.8222237978163065,-47.23174828245176
4007110,주암(본)댐,기본변수,RandomForest,XGBoost,최근24시간누적강우,2747,최근6시간평균,4.765740201431865,6.8222237978163065,-43.151399561532365
4007110,주암(본)댐,기본변수,RandomForest,XGBoost,최근24시간누적강우,2747,최근3시간변화량반영,5.919292682926828,6.8222237978163065,-15.254037319253127
4007110,주암(본)댐,기본변수,RandomForest,XGBoost,유입량급증,870,현재방류량유지,2.4651528735632184,3.625689715564512,-47.077682461283345
4007110,주암(본)댐,기본변수,RandomForest,XGBoost,유입량급증,870,최근3시간평균,2.9321306513409957,3.625689715564512,-23.6537571716431
4007110,주암(본)댐,기본변수,RandomForest,XGBoost,유입량급증,870,최근6시간평균,3.2163252873563213,3.625689715564512,-12.72770605067345
4007110,주암(본)댐,기본변수,RandomForest,XGBoost,유입량급증,870,최근3시간변화량반영,3.0312597701149424,3.625689715564512,-19.60999685048535
4007110,주암(본)댐,기본변수,RandomForest,XGBoost,방류량변화,706,현재방류량유지,27.723499999999998,21.304945954202083,23.152033638602326
4007110,주암(본)댐,기본변수,RandomForest,XGBoost,방류량변화,706,최근3시간평균,20.6051416430595,21.304945954202083,-3.3962606191464824
4007110,주암(본)댐,기본변수,RandomForest,XGBoost,방류량변화,706,최근6시간평균,19.018615203021717,21.304945954202083,-12.021541667329744
4007110,주암(본)댐,기본변수,RandomForest,XGBoost,방류량변화,706,최근3시간변화량반영,33.94004674220963,21.304945954202083,37.22770591324458
4007110,주암(본)댐,기본변수,XGBoost,XGBoost,전체,8695,현재방류량유지,2.549970327774583,4.481189921934074,-75.73498299664175
4007110,주암(본)댐,기본변수,XGBoost,XGBoost,전체,8695,최근3시간평균,2.867174238067857,4.481189921934074,-56.29290548292162
4007110,주암(본)댐,기본변수,XGBoost,XGBoost,전체,8695,최근6시간평균,3.031373241326433,4.481189921934074,-47.82705939481232
4007110,주암(본)댐,기본변수,XGBoost,XGBoost,전체,8695,최근3시간변화량반영,3.7665710178263363,4.481189921934074,-18.972665077217613
4007110,주암(본)댐,기본변수,XGBoost,XGBoost,강우발생,679,현재방류량유지,4.791832106038292,7.0809165171284745,-47.77054705663951
4007110,주암(본)댐,기본변수,XGBoost,XGBoost,강우발생,679,최근3시간평균,5.915335787923417,7.0809165171284745,-19.70438823751433
4007110,주암(본)댐,기본변수,XGBoost,XGBoost,강우발생,679,최근6시간평균,6.036012763868435,7.0809165171284745,-17.311158775455752
4007110,주암(본)댐,기본변수,XGBoost,XGBoost,강우발생,679,최근3시간변화량반영,7.134759941089837,7.0809165171284745,0.7546634281452494
4007110,주암(본)댐,기본변수,XGBoost,XGBoost,최근24시간누적강우,2747,현재방류량유지,4.071206771022934,6.1858084230478525,-51.94041400883215
4007110,주암(본)댐,기본변수,XGBoost,XGBoost,최근24시간누적강우,2747,최근3시간평균,4.633663511709745,6.1858084230478525,-33.49714340317715
4007110,주암(본)댐,기본변수,XGBoost,XGBoost,최근24시간누적강우,2747,최근6시간평균,4.765740201431865,6.1858084230478525,-29.797432541314954
4007110,주암(본)댐,기본변수,XGBoost,XGBoost,최근24시간누적강우,2747,최근3시간변화량반영,5.919292682926828,6.1858084230478525,-4.5024930240354974
4007110,주암(본)댐,기본변수,XGBoost,XGBoost,유입량급증,870,현재방류량유지,2.4651528735632184,3.5104050292552205,-42.401108949529686
4007110,주암(본)댐,기본변수,XGBoost,XGBoost,유입량급증,870,최근3시간평균,2.9321306513409957,3.5104050292552205,-19.72198536411581
4007110,주암(본)댐,기본변수,XGBoost,XGBoost,유입량급증,870,최근6시간평균,3.2163252873563213,3.5104050292552205,-9.143345763407527
4007110,주암(본)댐,기본변수,XGBoost,XGBoost,유입량급증,870,최근3시간변화량반영,3.0312597701149424,3.5104050292552205,-15.806802962390428
4007110,주암(본)댐,기본변수,XGBoost,XGBoost,방류량변화,706,현재방류량유지,27.723499999999998,21.681887833231904,21.792386122849187
4007110,주암(본)댐,기본변수,XGBoost,XGBoost,방류량변화,706,최근3시간평균,20.6051416430595,21.681887833231904,-5.225618968433969
4007110,주암(본)댐,기본변수,XGBoost,XGBoost,방류량변화,706,최근6시간평균,19.018615203021717,21.681887833231904,-14.003504470646428
4007110,주암(본)댐,기본변수,XGBoost,XGBoost,방류량변화,706,최근3시간변화량반영,33.94004674220963,21.681887833231904,36.1170949530038
4007110,주암(본)댐,예측유입량포함,GradientBoosting,XGBoost,전체,8695,현재방류량유지,2.549970327774583,4.692242992423374,-84.01167030513648
4007110,주암(본)댐,예측유입량포함,GradientBoosting,XGBoost,전체,8695,최근3시간평균,2.867174238067857,4.692242992423374,-63.65391855590199
4007110,주암(본)댐,예측유입량포함,GradientBoosting,XGBoost,전체,8695,최근6시간평균,3.031373241326433,4.692242992423374,-54.78935185065489
4007110,주암(본)댐,예측유입량포함,GradientBoosting,XGBoost,전체,8695,최근3시간변화량반영,3.7665710178263363,4.692242992423374,-24.57598622768666
4007110,주암(본)댐,예측유입량포함,GradientBoosting,XGBoost,강우발생,679,현재방류량유지,4.791832106038292,8.276326156298301,-72.71736515703716
4007110,주암(본)댐,예측유입량포함,GradientBoosting,XGBoost,강우발생,679,최근3시간평균,5.915335787923417,8.276326156298301,-39.91304049374536
4007110,주암(본)댐,예측유입량포함,GradientBoosting,XGBoost,강우발생,679,최근6시간평균,6.036012763868435,8.276326156298301,-37.115782886351404
4007110,주암(본)댐,예측유입량포함,GradientBoosting,XGBoost,강우발생,679,최근3시간변화량반영,7.134759941089837,8.276326156298301,-16.00006481835589
4007110,주암(본)댐,예측유입량포함,GradientBoosting,XGBoost,최근24시간누적강우,2747,현재방류량유지,4.071206771022934,6.705264731523498,-64.6996850970242
4007110,주암(본)댐,예측유입량포함,GradientBoosting,XGBoost,최근24시간누적강우,2747,최근3시간평균,4.633663511709745,6.705264731523498,-44.70763176002322
4007110,주암(본)댐,예측유입량포함,GradientBoosting,XGBoost,최근24시간누적강우,2747,최근6시간평균,4.765740201431865,6.705264731523498,-40.697235856644134
4007110,주암(본)댐,예측유입량포함,GradientBoosting,XGBoost,최근24시간누적강우,2747,최근3시간변화량반영,5.919292682926828,6.705264731523498,-13.278141337117352
4007110,주암(본)댐,예측유입량포함,GradientBoosting,XGBoost,유입량급증,870,현재방류량유지,2.4651528735632184,3.5901048106223383,-45.63416529349252
4007110,주암(본)댐,예측유입량포함,GradientBoosting,XGBoost,유입량급증,870,최근3시간평균,2.9321306513409957,3.5901048106223383,-22.440137821976702
4007110,주암(본)댐,예측유입량포함,GradientBoosting,XGBoost,유입량급증,870,최근6시간평균,3.2163252873563213,3.5901048106223383,-11.621322157164254
4007110,주암(본)댐,예측유입량포함,GradientBoosting,XGBoost,유입량급증,870,최근3시간변화량반영,3.0312597701149424,3.5901048106223383,-18.436065625817516
4007110,주암(본)댐,예측유입량포함,GradientBoosting,XGBoost,방류량변화,706,현재방류량유지,27.723499999999998,25.695336169562555,7.3156846373561875
4007110,주암(본)댐,예측유입량포함,GradientBoosting,XGBoost,방류량변화,706,최근3시간평균,20.6051416430595,25.695336169562555,-24.703516310054592
4007110,주암(본)댐,예측유입량포함,GradientBoosting,XGBoost,방류량변화,706,최근6시간평균,19.018615203021717,25.695336169562555,-35.10624141278186
4007110,주암(본)댐,예측유입량포함,GradientBoosting,XGBoost,방류량변화,706,최근3시간변화량반영,33.94004674220963,25.695336169562555,24.29198355343901
4007110,주암(본)댐,예측유입량포함,RandomForest,XGBoost,전체,8695,현재방류량유지,2.549970327774583,5.199572476467369,-103.90717569663464
4007110,주암(본)댐,예측유입량포함,RandomForest,XGBoost,전체,8695,최근3시간평균,2.867174238067857,5.199572476467369,-81.34832572893367
4007110,주암(본)댐,예측유입량포함,RandomForest,XGBoost,전체,8695,최근6시간평균,3.031373241326433,5.199572476467369,-71.52531419035029
4007110,주암(본)댐,예측유입량포함,RandomForest,XGBoost,전체,8695,최근3시간변화량반영,3.7665710178263363,5.199572476467369,-38.045252614618406
4007110,주암(본)댐,예측유입량포함,RandomForest,XGBoost,강우발생,679,현재방류량유지,4.791832106038292,8.475154348619796,-76.86667982252693
4007110,주암(본)댐,예측유입량포함,RandomForest,XGBoost,강우발생,679,최근3시간평균,5.915335787923417,8.475154348619796,-43.27427305010195
4007110,주암(본)댐,예측유입량포함,RandomForest,XGBoost,강우발생,679,최근6시간평균,6.036012763868435,8.475154348619796,-40.40981489224244
4007110,주암(본)댐,예측유입량포함,RandomForest,XGBoost,강우발생,679,최근3시간변화량반영,7.134759941089837,8.475154348619796,-18.78681859792487
4007110,주암(본)댐,예측유입량포함,RandomForest,XGBoost,최근24시간누적강우,2747,현재방류량유지,4.071206771022934,6.911304727431509,-69.76059227998806
4007110,주암(본)댐,예측유입량포함,RandomForest,XGBoost,최근24시간누적강우,2747,최근3시간평균,4.633663511709745,6.911304727431509,-49.154221275798946
4007110,주암(본)댐,예측유입량포함,RandomForest,XGBoost,최근24시간누적강우,2747,최근6시간평균,4.765740201431865,6.911304727431509,-45.02059355554064
4007110,주암(본)댐,예측유입량포함,RandomForest,XGBoost,최근24시간누적강우,2747,최근3시간변화량반영,5.919292682926828,6.911304727431509,-16.75896255925927
4007110,주암(본)댐,예측유입량포함,RandomForest,XGBoost,유입량급증,870,현재방류량유지,2.4651528735632184,3.6787654147625677,-49.230721316084185
4007110,주암(본)댐,예측유입량포함,RandomForest,XGBoost,유입량급증,870,최근3시간평균,2.9321306513409957,3.6787654147625677,-25.463898175209287
4007110,주암(본)댐,예측유입량포함,RandomForest,XGBoost,유입량급증,870,최근6시간평균,3.2163252873563213,3.6787654147625677,-14.377902919960933
4007110,주암(본)댐,예측유입량포함,RandomForest,XGBoost,유입량급증,870,최근3시간변화량반영,3.0312597701149424,3.6787654147625677,-21.360942108339085
4007110,주암(본)댐,예측유입량포함,RandomForest,XGBoost,방류량변화,706,현재방류량유지,27.723499999999998,21.495906905886052,22.463228286882774
4007110,주암(본)댐,예측유입량포함,RandomForest,XGBoost,방류량변화,706,최근3시간평균,20.6051416430595,21.495906905886052,-4.323024215301093
4007110,주암(본)댐,예측유입량포함,RandomForest,XGBoost,방류량변화,706,최근6시간평균,19.018615203021717,21.495906905886052,-13.025615568849291
4007110,주암(본)댐,예측유입량포함,RandomForest,XGBoost,방류량변화,706,최근3시간변화량반영,33.94004674220963,21.495906905886052,36.665063931239054
4007110,주암(본)댐,예측유입량포함,XGBoost,XGBoost,전체,8695,현재방류량유지,2.549970327774583,4.62177623014313,-81.24823570698797
4007110,주암(본)댐,예측유입량포함,XGBoost,XGBoost,전체,8695,최근3시간평균,2.867174238067857,4.62177623014313,-61.1962108468745
4007110,주암(본)댐,예측유입량포함,XGBoost,XGBoost,전체,8695,최근6시간평균,3.031373241326433,4.62177623014313,-52.46476966725441
4007110,주암(본)댐,예측유입량포함,XGBoost,XGBoost,전체,8695,최근3시간변화량반영,3.7665710178263363,4.62177623014313,-22.70513972176017
4007110,주암(본)댐,예측유입량포함,XGBoost,XGBoost,강우발생,679,현재방류량유지,4.791832106038292,7.4014740082146675,-54.46021155223507
4007110,주암(본)댐,예측유입량포함,XGBoost,XGBoost,강우발생,679,최근3시간평균,5.915335787923417,7.4014740082146675,-25.123480281969933
4007110,주암(본)댐,예측유입량포함,XGBoost,XGBoost,강우발생,679,최근6시간평균,6.036012763868435,7.4014740082146675,-22.621907834918478
4007110,주암(본)댐,예측유입량포함,XGBoost,XGBoost,강우발생,679,최근3시간변화량반영,7.134759941089837,7.4014740082146675,-3.7382346333588035
4007110,주암(본)댐,예측유입량포함,XGBoost,XGBoost,최근24시간누적강우,2747,현재방류량유지,4.071206771022934,6.356381743268268,-56.13016240074587
4007110,주암(본)댐,예측유입량포함,XGBoost,XGBoost,최근24시간누적강우,2747,최근3시간평균,4.633663511709745,6.356381743268268,-37.17831964287085
4007110,주암(본)댐,예측유입량포함,XGBoost,XGBoost,최근24시간누적강우,2747,최근6시간평균,4.765740201431865,6.356381743268268,-33.376589461559306
4007110,주암(본)댐,예측유입량포함,XGBoost,XGBoost,최근24시간누적강우,2747,최근3시간변화량반영,5.919292682926828,6.356381743268268,-7.384143406223977
4007110,주암(본)댐,예측유입량포함,XGBoost,XGBoost,유입량급증,870,현재방류량유지,2.4651528735632184,3.7409145517108082,-51.75182812510768
4007110,주암(본)댐,예측유입량포함,XGBoost,XGBoost,유입량급증,870,최근3시간평균,2.9321306513409957,3.7409145517108082,-27.583487795808797
4007110,주암(본)댐,예측유입량포함,XGBoost,XGBoost,유입량급증,870,최근6시간평균,3.2163252873563213,3.7409145517108082,-16.310205513624414
4007110,주암(본)댐,예측유입량포함,XGBoost,XGBoost,유입량급증,870,최근3시간변화량반영,3.0312597701149424,3.7409145517108082,-23.411216306577263
4007110,주암(본)댐,예측유입량포함,XGBoost,XGBoost,방류량변화,706,현재방류량유지,27.723499999999998,22.110581410082478,20.246067740067165
4007110,주암(본)댐,예측유입량포함,XGBoost,XGBoost,방류량변화,706,최근3시간평균,20.6051416430595,22.110581410082478,-7.306136463905648
4007110,주암(본)댐,예측유입량포함,XGBoost,XGBoost,방류량변화,706,최근6시간평균,19.018615203021717,22.110581410082478,-16.25757803107296
4007110,주암(본)댐,예측유입량포함,XGBoost,XGBoost,방류량변화,706,최근3시간변화량반영,33.94004674220963,22.110581410082478,34.85400424453572
4104610,주암(조)댐,기본변수,GradientBoosting,GradientBoosting,전체,8760,현재방류량유지,6.73137100456621,4.835664602419164,28.162262945558908
4104610,주암(조)댐,기본변수,GradientBoosting,GradientBoosting,전체,8760,최근3시간평균,7.948083371385084,4.835664602419164,39.15936237120183
4104610,주암(조)댐,기본변수,GradientBoosting,GradientBoosting,전체,8760,최근6시간평균,8.141367827245054,4.835664602419164,40.60378175966166
4104610,주암(조)댐,기본변수,GradientBoosting,GradientBoosting,전체,8760,최근3시간변화량반영,9.646481735159817,4.835664602419164,49.87120967850929
4104610,주암(조)댐,기본변수,GradientBoosting,GradientBoosting,강우발생,693,현재방류량유지,5.6225497835497835,4.482883103688453,20.269570279230237
4104610,주암(조)댐,기본변수,GradientBoosting,GradientBoosting,강우발생,693,최근3시간평균,6.760148629148629,4.482883103688453,33.68661919119631
4104610,주암(조)댐,기본변수,GradientBoosting,GradientBoosting,강우발생,693,최근6시간평균,7.301114718614718,4.482883103688453,38.600018264895645
4104610,주암(조)댐,기본변수,GradientBoosting,GradientBoosting,강우발생,693,최근3시간변화량반영,9.071810966810967,4.482883103688453,50.58447403623171
4104610,주암(조)댐,기본변수,GradientBoosting,GradientBoosting,최근24시간누적강우,2581,현재방류량유지,6.591935683843472,4.772145114384061,27.60631560650133
4104610,주암(조)댐,기본변수,GradientBoosting,GradientBoosting,최근24시간누적강우,2581,최근3시간평균,7.689502776701537,4.772145114384061,37.939483826662915
4104610,주암(조)댐,기본변수,GradientBoosting,GradientBoosting,최근24시간누적강우,2581,최근6시간평균,7.865328877695983,4.772145114384061,39.3268204217548
4104610,주암(조)댐,기본변수,GradientBoosting,GradientBoosting,최근24시간누적강우,2581,최근3시간변화량반영,9.493812088337855,4.772145114384061,49.73415241443279
4104610,주암(조)댐,기본변수,GradientBoosting,GradientBoosting,유입량급증,879,현재방류량유지,7.307268486916951,4.60625535932695,36.96337601972525
4104610,주암(조)댐,기본변수,GradientBoosting,GradientBoosting,유입량급증,879,최근3시간평균,9.707688661357604,4.60625535932695,52.55044202578729
4104610,주암(조)댐,기본변수,GradientBoosting,GradientBoosting,유입량급증,879,최근6시간평균,9.115498862343571,4.60625535932695,49.46787412419583
4104610,주암(조)댐,기본변수,GradientBoosting,GradientBoosting,유입량급증,879,최근3시간변화량반영,11.75654379977247,4.60625535932695,60.81964701721183
4104610,주암(조)댐,기본변수,GradientBoosting,GradientBoosting,방류량변화,4220,현재방류량유지,13.451468246445499,6.2414596504703805,53.600160695322884
4104610,주암(조)댐,기본변수,GradientBoosting,GradientBoosting,방류량변화,4220,최근3시간평균,12.836825197472356,6.2414596504703805,51.37847906739932
4104610,주암(조)댐,기본변수,GradientBoosting,GradientBoosting,방류량변화,4220,최근6시간평균,10.37562345971564,6.2414596504703805,39.84496763299622
4104610,주암(조)댐,기본변수,GradientBoosting,GradientBoosting,방류량변화,4220,최근3시간변화량반영,13.332216113744074,6.2414596504703805,53.18512993472923
4104610,주암(조)댐,기본변수,RandomForest,GradientBoosting,전체,8760,현재방류량유지,6.73137100456621,4.296992367855419,36.164677820602
4104610,주암(조)댐,기본변수,RandomForest,GradientBoosting,전체,8760,최근3시간평균,7.948083371385084,4.296992367855419,45.93674767774111
4104610,주암(조)댐,기본변수,RandomForest,GradientBoosting,전체,8760,최근6시간평균,8.141367827245054,4.296992367855419,47.22026495995486
4104610,주암(조)댐,기본변수,RandomForest,GradientBoosting,전체,8760,최근3시간변화량반영,9.646481735159817,4.296992367855419,55.45534127542481
4104610,주암(조)댐,기본변수,RandomForest,GradientBoosting,강우발생,693,현재방류량유지,5.6225497835497835,4.302338829588321,23.480644988223652
4104610,주암(조)댐,기본변수,RandomForest,GradientBoosting,강우발생,693,최근3시간평균,6.760148629148629,4.302338829588321,36.35733375687398
4104610,주암(조)댐,기본변수,RandomForest,GradientBoosting,강우발생,693,최근6시간평균,7.301114718614718,4.302338829588321,41.07284989483595
4104610,주암(조)댐,기본변수,RandomForest,GradientBoosting,강우발생,693,최근3시간변화량반영,9.071810966810967,4.302338829588321,52.574641983520834
4104610,주암(조)댐,기본변수,RandomForest,GradientBoosting,최근24시간누적강우,2581,현재방류량유지,6.591935683843472,4.346422708346886,34.064546184821474
4104610,주암(조)댐,기본변수,RandomForest,GradientBoosting,최근24시간누적강우,2581,최근3시간평균,7.689502776701537,4.346422708346886,43.47589389633705
4104610,주암(조)댐,기본변수,RandomForest,GradientBoosting,최근24시간누적강우,2581,최근6시간평균,7.865328877695983,4.346422708346886,44.73946638554169
4104610,주암(조)댐,기본변수,RandomForest,GradientBoosting,최근24시간누적강우,2581,최근3시간변화량반영,9.493812088337855,4.346422708346886,54.21836172967856
4104610,주암(조)댐,기본변수,RandomForest,GradientBoosting,유입량급증,879,현재방류량유지,7.307268486916951,4.217111220391352,42.288815198979826
4104610,주암(조)댐,기본변수,RandomForest,GradientBoosting,유입량급증,879,최근3시간평균,9.707688661357604,4.217111220391352,56.55905985965566
4104610,주암(조)댐,기본변수,RandomForest,GradientBoosting,유입량급증,879,최근6시간평균,9.115498862343571,4.217111220391352,53.73691243808521
4104610,주암(조)댐,기본변수,RandomForest,GradientBoosting,유입량급증,879,최근3시간변화량반영,11.75654379977247,4.217111220391352,64.12966861508254
4104610,주암(조)댐,기본변수,RandomForest,GradientBoosting,방류량변화,4220,현재방류량유지,13.451468246445499,5.583298977635188,58.493014477356
4104610,주암(조)댐,기본변수,RandomForest,GradientBoosting,방류량변화,4220,최근3시간평균,12.836825197472356,5.583298977635188,56.505608733111266
4104610,주암(조)댐,기본변수,RandomForest,GradientBoosting,방류량변화,4220,최근6시간평균,10.37562345971564,5.583298977635188,46.18830377458391
4104610,주암(조)댐,기본변수,RandomForest,GradientBoosting,방류량변화,4220,최근3시간변화량반영,13.332216113744074,5.583298977635188,58.121748627526294
4104610,주암(조)댐,기본변수,XGBoost,GradientBoosting,전체,8760,현재방류량유지,6.73137100456621,5.0192420321687505,25.435070674845296
4104610,주암(조)댐,기본변수,XGBoost,GradientBoosting,전체,8760,최근3시간평균,7.948083371385084,5.0192420321687505,36.84965547493917
4104610,주암(조)댐,기본변수,XGBoost,GradientBoosting,전체,8760,최근6시간평균,8.141367827245054,5.0192420321687505,38.34890968355615
4104610,주암(조)댐,기본변수,XGBoost,GradientBoosting,전체,8760,최근3시간변화량반영,9.646481735159817,5.0192420321687505,47.96815906596857
4104610,주암(조)댐,기본변수,XGBoost,GradientBoosting,강우발생,693,현재방류량유지,5.6225497835497835,4.651294196016001,17.274290578545713
4104610,주암(조)댐,기본변수,XGBoost,GradientBoosting,강우발생,693,최근3시간평균,6.760148629148629,4.651294196016001,31.195385616813233
4104610,주암(조)댐,기본변수,XGBoost,GradientBoosting,강우발생,693,최근6시간평균,7.301114718614718,4.651294196016001,36.29336922816469
4104610,주암(조)댐,기본변수,XGBoost,GradientBoosting,강우발생,693,최근3시간변화량반영,9.071810966810967,4.651294196016001,48.72805206113019
4104610,주암(조)댐,기본변수,XGBoost,GradientBoosting,최근24시간누적강우,2581,현재방류량유지,6.591935683843472,4.975579835520886,24.520200527505132
4104610,주암(조)댐,기본변수,XGBoost,GradientBoosting,최근24시간누적강우,2581,최근3시간평균,7.689502776701537,4.975579835520886,35.293867757009984
4104610,주암(조)댐,기본변수,XGBoost,GradientBoosting,최근24시간누적강우,2581,최근6시간평균,7.865328877695983,4.975579835520886,36.74034598056885
4104610,주암(조)댐,기본변수,XGBoost,GradientBoosting,최근24시간누적강우,2581,최근3시간변화량반영,9.493812088337855,4.975579835520886,47.591338555848814
4104610,주암(조)댐,기본변수,XGBoost,GradientBoosting,유입량급증,879,현재방류량유지,7.307268486916951,4.70786925643079,35.572789410162855
4104610,주암(조)댐,기본변수,XGBoost,GradientBoosting,유입량급증,879,최근3시간평균,9.707688661357604,4.70786925643079,51.50370576704917
4104610,주암(조)댐,기본변수,XGBoost,GradientBoosting,유입량급증,879,최근6시간평균,9.115498862343571,4.70786925643079,48.35313648187534
4104610,주암(조)댐,기본변수,XGBoost,GradientBoosting,유입량급증,879,최근3시간변화량반영,11.75654379977247,4.70786925643079,59.955329248023524
4104610,주암(조)댐,기본변수,XGBoost,GradientBoosting,방류량변화,4220,현재방류량유지,13.451468246445499,6.282953432077211,53.29169041649071
4104610,주암(조)댐,기본변수,XGBoost,GradientBoosting,방류량변화,4220,최근3시간평균,12.836825197472356,6.282953432077211,51.05523885053478
4104610,주암(조)댐,기본변수,XGBoost,GradientBoosting,방류량변화,4220,최근6시간평균,10.37562345971564,6.282953432077211,39.445051601271146
4104610,주암(조)댐,기본변수,XGBoost,GradientBoosting,방류량변화,4220,최근3시간변화량반영,13.332216113744074,6.282953432077211,52.87390049430593
4104610,주암(조)댐,예측유입량포함,GradientBoosting,GradientBoosting,전체,8760,현재방류량유지,6.73137100456621,4.889053115651991,27.3691330884078
4104610,주암(조)댐,예측유입량포함,GradientBoosting,GradientBoosting,전체,8760,최근3시간평균,7.948083371385084,4.889053115651991,38.4876468048423
4104610,주암(조)댐,예측유입량포함,GradientBoosting,GradientBoosting,전체,8760,최근6시간평균,8.141367827245054,4.889053115651991,39.94801341255219
4104610,주암(조)댐,예측유입량포함,GradientBoosting,GradientBoosting,전체,8760,최근3시간변화량반영,9.646481735159817,4.889053115651991,49.317759055799506
4104610,주암(조)댐,예측유입량포함,GradientBoosting,GradientBoosting,강우발생,693,현재방류량유지,5.6225497835497835,4.520115088823356,19.607379875085922
4104610,주암(조)댐,예측유입량포함,GradientBoosting,GradientBoosting,강우발생,693,최근3시간평균,6.760148629148629,4.520115088823356,33.13586228957487
4104610,주암(조)댐,예측유입량포함,GradientBoosting,GradientBoosting,강우발생,693,최근6시간평균,7.301114718614718,4.520115088823356,38.090068941130355
4104610,주암(조)댐,예측유입량포함,GradientBoosting,GradientBoosting,강우발생,693,최근3시간변화량반영,9.071810966810967,4.520115088823356,50.17406000455582
4104610,주암(조)댐,예측유입량포함,GradientBoosting,GradientBoosting,최근24시간누적강우,2581,현재방류량유지,6.591935683843472,4.813756460289311,26.975069370175973
4104610,주암(조)댐,예측유입량포함,GradientBoosting,GradientBoosting,최근24시간누적강우,2581,최근3시간평균,7.689502776701537,4.813756460289311,37.39833900737332
4104610,주암(조)댐,예측유입량포함,GradientBoosting,GradientBoosting,최근24시간누적강우,2581,최근6시간평균,7.865328877695983,4.813756460289311,38.79777266606275
4104610,주암(조)댐,예측유입량포함,GradientBoosting,GradientBoosting,최근24시간누적강우,2581,최근3시간변화량반영,9.493812088337855,4.813756460289311,49.29585275652862
4104610,주암(조)댐,예측유입량포함,GradientBoosting,GradientBoosting,유입량급증,879,현재방류량유지,7.307268486916951,4.6024907489395295,37.01489472872248
4104610,주암(조)댐,예측유입량포함,GradientBoosting,GradientBoosting,유입량급증,879,최근3시간평균,9.707688661357604,4.6024907489395295,52.589221703615294
4104610,주암(조)댐,예측유입량포함,GradientBoosting,GradientBoosting,유입량급증,879,최근6시간평균,9.115498862343571,4.6024907489395295,49.50917312981551
4104610,주암(조)댐,예측유입량포함,GradientBoosting,GradientBoosting,유입량급증,879,최근3시간변화량반영,11.75654379977247,4.6024907489395295,60.85166842121913
4104610,주암(조)댐,예측유입량포함,GradientBoosting,GradientBoosting,방류량변화,4220,현재방류량유지,13.451468246445499,6.292740785409156,53.21892993300572
4104610,주암(조)댐,예측유입량포함,GradientBoosting,GradientBoosting,방류량변화,4220,최근3시간평균,12.836825197472356,6.292740785409156,50.97899450521277
4104610,주암(조)댐,예측유입량포함,GradientBoosting,GradientBoosting,방류량변화,4220,최근6시간평균,10.37562345971564,6.292740785409156,39.3507213340834
4104610,주암(조)댐,예측유입량포함,GradientBoosting,GradientBoosting,방류량변화,4220,최근3시간변화량반영,13.332216113744074,6.292740785409156,52.80048919307556
4104610,주암(조)댐,예측유입량포함,RandomForest,GradientBoosting,전체,8760,현재방류량유지,6.73137100456621,4.306490080927595,36.023581555580606
4104610,주암(조)댐,예측유입량포함,RandomForest,GradientBoosting,전체,8760,최근3시간평균,7.948083371385084,4.306490080927595,45.81725077983022
4104610,주암(조)댐,예측유입량포함,RandomForest,GradientBoosting,전체,8760,최근6시간평균,8.141367827245054,4.306490080927595,47.1036050414533
4104610,주암(조)댐,예측유입량포함,RandomForest,GradientBoosting,전체,8760,최근3시간변화량반영,9.646481735159817,4.306490080927595,55.35688348186928
4104610,주암(조)댐,예측유입량포함,RandomForest,GradientBoosting,강우발생,693,현재방류량유지,5.6225497835497835,4.279473540291519,23.88731616370529
4104610,주암(조)댐,예측유입량포함,RandomForest,GradientBoosting,강우발생,693,최근3시간평균,6.760148629148629,4.279473540291519,36.69557024472589
4104610,주암(조)댐,예측유입량포함,RandomForest,GradientBoosting,강우발생,693,최근6시간평균,7.301114718614718,4.279473540291519,41.386025213647265
4104610,주암(조)댐,예측유입량포함,RandomForest,GradientBoosting,강우발생,693,최근3시간변화량반영,9.071810966810967,4.279473540291519,52.82668966595661
4104610,주암(조)댐,예측유입량포함,RandomForest,GradientBoosting,최근24시간누적강우,2581,현재방류량유지,6.591935683843472,4.343068866969699,34.11542412929848
4104610,주암(조)댐,예측유입량포함,RandomForest,GradientBoosting,최근24시간누적강우,2581,최근3시간평균,7.689502776701537,4.343068866969699,43.519509738278714
4104610,주암(조)댐,예측유입량포함,RandomForest,GradientBoosting,최근24시간누적강우,2581,최근6시간평균,7.865328877695983,4.343068866969699,44.78210721378089
4104610,주암(조)댐,예측유입량포함,RandomForest,GradientBoosting,최근24시간누적강우,2581,최근3시간변화량반영,9.493812088337855,4.343068866969699,54.25368833342825
4104610,주암(조)댐,예측유입량포함,RandomForest,GradientBoosting,유입량급증,879,현재방류량유지,7.307268486916951,4.217140166320659,42.288419073815426
4104610,주암(조)댐,예측유입량포함,RandomForest,GradientBoosting,유입량급증,879,최근3시간평균,9.707688661357604,4.217140166320659,56.558761684360626
4104610,주암(조)댐,예측유입량포함,RandomForest,GradientBoosting,유입량급증,879,최근6시간평균,9.115498862343571,4.217140166320659,53.73659489178584
4104610,주암(조)댐,예측유입량포함,RandomForest,GradientBoosting,유입량급증,879,최근3시간변화량반영,11.75654379977247,4.217140166320659,64.12942240386774
4104610,주암(조)댐,예측유입량포함,RandomForest,GradientBoosting,방류량변화,4220,현재방류량유지,13.451468246445499,5.564092366217865,58.63579897541552
4104610,주암(조)댐,예측유입량포함,RandomForest,GradientBoosting,방류량변화,4220,최근3시간평균,12.836825197472356,5.564092366217865,56.65522992933278
4104610,주암(조)댐,예측유입량포함,RandomForest,GradientBoosting,방류량변화,4220,최근6시간평균,10.37562345971564,5.564092366217865,46.37341661615814
4104610,주암(조)댐,예측유입량포함,RandomForest,GradientBoosting,방류량변화,4220,최근3시간변화량반영,13.332216113744074,5.564092366217865,58.2658102842941
4104610,주암(조)댐,예측유입량포함,XGBoost,GradientBoosting,전체,8760,현재방류량유지,6.73137100456621,4.927115372350458,26.803687257645425
4104610,주암(조)댐,예측유입량포함,XGBoost,GradientBoosting,전체,8760,최근3시간평균,7.948083371385084,4.927115372350458,38.008760827934964
4104610,주암(조)댐,예측유입량포함,XGBoost,GradientBoosting,전체,8760,최근6시간평균,8.141367827245054,4.927115372350458,39.48049668187345
4104610,주암(조)댐,예측유입량포함,XGBoost,GradientBoosting,전체,8760,최근3시간변화량반영,9.646481735159817,4.927115372350458,48.92318766963562
4104610,주암(조)댐,예측유입량포함,XGBoost,GradientBoosting,강우발생,693,현재방류량유지,5.6225497835497835,4.561286982576225,18.87511612753623
4104610,주암(조)댐,예측유입량포함,XGBoost,GradientBoosting,강우발생,693,최근3시간평균,6.760148629148629,4.561286982576225,32.52682399749735
4104610,주암(조)댐,예측유입량포함,XGBoost,GradientBoosting,강우발생,693,최근6시간평균,7.301114718614718,4.561286982576225,37.526156506664734
4104610,주암(조)댐,예측유입량포함,XGBoost,GradientBoosting,강우발생,693,최근3시간변화량반영,9.071810966810967,4.561286982576225,49.720215740125106
4104610,주암(조)댐,예측유입량포함,XGBoost,GradientBoosting,최근24시간누적강우,2581,현재방류량유지,6.591935683843472,4.8696529696741475,26.127116476432853
4104610,주암(조)댐,예측유입량포함,XGBoost,GradientBoosting,최근24시간누적강우,2581,최근3시간평균,7.689502776701537,4.8696529696741475,36.67141932208239
4104610,주암(조)댐,예측유입량포함,XGBoost,GradientBoosting,최근24시간누적강우,2581,최근6시간평균,7.865328877695983,4.8696529696741475,38.0871029629389
4104610,주암(조)댐,예측유입량포함,XGBoost,GradientBoosting,최근24시간누적강우,2581,최근3시간변화량반영,9.493812088337855,4.8696529696741475,48.707084947931484
4104610,주암(조)댐,예측유입량포함,XGBoost,GradientBoosting,유입량급증,879,현재방류량유지,7.307268486916951,4.68846078677172,35.83839439913814
4104610,주암(조)댐,예측유입량포함,XGBoost,GradientBoosting,유입량급증,879,최근3시간평균,9.707688661357604,4.68846078677172,51.703634610423876
4104610,주암(조)댐,예측유입량포함,XGBoost,GradientBoosting,유입량급증,879,최근6시간평균,9.115498862343571,4.68846078677172,48.56605373360413
4104610,주암(조)댐,예측유입량포함,XGBoost,GradientBoosting,유입량급증,879,최근3시간변화량반영,11.75654379977247,4.68846078677172,60.1204157733631
4104610,주암(조)댐,예측유입량포함,XGBoost,GradientBoosting,방류량변화,4220,현재방류량유지,13.451468246445499,6.278686706359889,53.32340982168241
4104610,주암(조)댐,예측유입량포함,XGBoost,GradientBoosting,방류량변화,4220,최근3시간평균,12.836825197472356,6.278686706359889,51.088477020032975
4104610,주암(조)댐,예측유입량포함,XGBoost,GradientBoosting,방류량변화,4220,최근6시간평균,10.37562345971564,6.278686706359889,39.48617419726635
4104610,주암(조)댐,예측유입량포함,XGBoost,GradientBoosting,방류량변화,4220,최근3시간변화량반영,13.332216113744074,6.278686706359889,52.905903618774666
5101110,장흥댐,기본변수,GradientBoosting,RandomForest,전체,8760,현재방류량유지,0.3066683789954338,0.6494930832173905,-111.79004022030628
5101110,장흥댐,기본변수,GradientBoosting,RandomForest,전체,8760,최근3시간평균,0.37574231354642307,0.6494930832173905,-72.85598661678158
5101110,장흥댐,기본변수,GradientBoosting,RandomForest,전체,8760,최근6시간평균,0.4701614345509892,0.6494930832173905,-38.14256880462039
5101110,장흥댐,기본변수,GradientBoosting,RandomForest,전체,8760,최근3시간변화량반영,0.43989212328767124,0.6494930832173905,-47.648263934166636
5101110,장흥댐,기본변수,GradientBoosting,RandomForest,강우발생,715,현재방류량유지,0.46329790209790217,0.49806489972987456,-7.504242405273306
5101110,장흥댐,기본변수,GradientBoosting,RandomForest,강우발생,715,최근3시간평균,0.5937160839160844,0.49806489972987456,16.110593392603654
5101110,장흥댐,기본변수,GradientBoosting,RandomForest,강우발생,715,최근6시간평균,0.8248678321678323,0.49806489972987456,39.61882373071673
5101110,장흥댐,기본변수,GradientBoosting,RandomForest,강우발생,715,최근3시간변화량반영,0.5065622377622377,0.49806489972987456,1.6774519296780934
5101110,장흥댐,기본변수,GradientBoosting,RandomForest,최근24시간누적강우,2673,현재방류량유지,0.21670744481855594,0.2877889363598732,-32.80066893909995
5101110,장흥댐,기본변수,GradientBoosting,RandomForest,최근24시간누적강우,2673,최근3시간평균,0.26622783389450044,0.2877889363598732,-8.098740897962186
5101110,장흥댐,기본변수,GradientBoosting,RandomForest,최근24시간누적강우,2673,최근6시간평균,0.3398663798478613,0.2877889363598732,15.322917056785723
5101110,장흥댐,기본변수,GradientBoosting,RandomForest,최근24시간누적강우,2673,최근3시간변화량반영,0.2686363636363637,0.2877889363598732,-7.129553298091524
5101110,장흥댐,기본변수,GradientBoosting,RandomForest,유입량급증,877,현재방류량유지,0.5613511972633979,1.1090499968767416,-97.56794004954295
5101110,장흥댐,기본변수,GradientBoosting,RandomForest,유입량급증,877,최근3시간평균,0.6457225389585699,1.1090499968767416,-71.75333521196774
5101110,장흥댐,기본변수,GradientBoosting,RandomForest,유입량급증,877,최근6시간평균,0.8819903078677308,1.1090499968767416,-25.744011808694626
5101110,장흥댐,기본변수,GradientBoosting,RandomForest,유입량급증,877,최근3시간변화량반영,0.9722109464082099,1.1090499968767416,-14.075037004477
5101110,장흥댐,기본변수,GradientBoosting,RandomForest,방류량변화,64,현재방류량유지,23.737140625000002,21.17733262319758,10.78397791141882
5101110,장흥댐,기본변수,GradientBoosting,RandomForest,방류량변화,64,최근3시간평균,25.612848958333338,21.17733262319758,17.31754379355222
5101110,장흥댐,기본변수,GradientBoosting,RandomForest,방류량변화,64,최근6시간평균,26.948559895833334,21.17733262319758,21.415716813602632
5101110,장흥댐,기본변수,GradientBoosting,RandomForest,방류량변화,64,최근3시간변화량반영,21.773984375,21.17733262319758,2.7402047394112845
5101110,장흥댐,기본변수,RandomForest,RandomForest,전체,8760,현재방류량유지,0.3066683789954338,0.5702264636595902,-85.94237382005421
5101110,장흥댐,기본변수,RandomForest,RandomForest,전체,8760,최근3시간평균,0.37574231354642307,0.5702264636595902,-51.759981003347534
5101110,장흥댐,기본변수,RandomForest,RandomForest,전체,8760,최근6시간평균,0.4701614345509892,0.5702264636595902,-21.283121446182523
5101110,장흥댐,기본변수,RandomForest,RandomForest,전체,8760,최근3시간변화량반영,0.43989212328767124,0.5702264636595902,-29.628705192042204
5101110,장흥댐,기본변수,RandomForest,RandomForest,강우발생,715,현재방류량유지,0.46329790209790217,0.6045059762843218,-30.47889350394255
5101110,장흥댐,기본변수,RandomForest,RandomForest,강우발생,715,최근3시간평균,0.5937160839160844,0.6045059762843218,-1.817348840723404
5101110,장흥댐,기본변수,RandomForest,RandomForest,강우발생,715,최근6시간평균,0.8248678321678323,0.6045059762843218,26.714807789798066
5101110,장흥댐,기본변수,RandomForest,RandomForest,강우발생,715,최근3시간변화량반영,0.5065622377622377,0.6045059762843218,-19.334986151900125
5101110,장흥댐,기본변수,RandomForest,RandomForest,최근24시간누적강우,2673,현재방류량유지,0.21670744481855594,0.31130500889769913,-43.652198547376855
5101110,장흥댐,기본변수,RandomForest,RandomForest,최근24시간누적강우,2673,최근3시간평균,0.26622783389450044,0.31130500889769913,-16.9318039905105
5101110,장흥댐,기본변수,RandomForest,RandomForest,최근24시간누적강우,2673,최근6시간평균,0.3398663798478613,0.31130500889769913,8.403705880807461
5101110,장흥댐,기본변수,RandomForest,RandomForest,최근24시간누적강우,2673,최근3시간변화량반영,0.2686363636363637,0.31130500889769913,-15.883421247874448
5101110,장흥댐,기본변수,RandomForest,RandomForest,유입량급증,877,현재방류량유지,0.5613511972633979,0.9791733488649325,-74.43150627244206
5101110,장흥댐,기본변수,RandomForest,RandomForest,유입량급증,877,최근3시간평균,0.6457225389585699,0.9791733488649325,-51.63995211382223
5101110,장흥댐,기본변수,RandomForest,RandomForest,유입량급증,877,최근6시간평균,0.8819903078677308,0.9791733488649325,-11.01860645522829
5101110,장흥댐,기본변수,RandomForest,RandomForest,유입량급증,877,최근3시간변화량반영,0.9722109464082099,0.9791733488649325,-0.7161411299106242
5101110,장흥댐,기본변수,RandomForest,RandomForest,방류량변화,64,현재방류량유지,23.737140625000002,21.313044725198417,10.21224897344427
5101110,장흥댐,기본변수,RandomForest,RandomForest,방류량변화,64,최근3시간평균,25.612848958333338,21.313044725198417,16.787684338160854
5101110,장흥댐,기본변수,RandomForest,RandomForest,방류량변화,64,최근6시간평균,26.948559895833334,21.313044725198417,20.91211995156096
5101110,장흥댐,기본변수,RandomForest,RandomForest,방류량변화,64,최근3시간변화량반영,21.773984375,21.313044725198417,2.116928357544046
5101110,장흥댐,기본변수,XGBoost,RandomForest,전체,8760,현재방류량유지,0.3066683789954338,0.49917676843465153,-62.77412430646595
5101110,장흥댐,기본변수,XGBoost,RandomForest,전체,8760,최근3시간평균,0.37574231354642307,0.49917676843465153,-32.85082633446289
5101110,장흥댐,기본변수,XGBoost,RandomForest,전체,8760,최근6시간평균,0.4701614345509892,0.49917676843465153,-6.171355570958813
5101110,장흥댐,기본변수,XGBoost,RandomForest,전체,8760,최근3시간변화량반영,0.43989212328767124,0.49917676843465153,-13.477087223998913
5101110,장흥댐,기본변수,XGBoost,RandomForest,강우발생,715,현재방류량유지,0.46329790209790217,0.656318977515014,-41.662410846903306
5101110,장흥댐,기본변수,XGBoost,RandomForest,강우발생,715,최근3시간평균,0.5937160839160844,0.656318977515014,-10.544247544383154
5101110,장흥댐,기본변수,XGBoost,RandomForest,강우발생,715,최근6시간평균,0.8248678321678323,0.656318977515014,20.43343770720888
5101110,장흥댐,기본변수,XGBoost,RandomForest,강우발생,715,최근3시간변화량반영,0.5065622377622377,0.656318977515014,-29.5633445584759
5101110,장흥댐,기본변수,XGBoost,RandomForest,최근24시간누적강우,2673,현재방류량유지,0.21670744481855594,0.3333459101169409,-53.82300797097378
5101110,장흥댐,기본변수,XGBoost,RandomForest,최근24시간누적강우,2673,최근3시간평균,0.26622783389450044,0.3333459101169409,-25.210765997156305
5101110,장흥댐,기본변수,XGBoost,RandomForest,최근24시간누적강우,2673,최근6시간평균,0.3398663798478613,0.3333459101169409,1.9185392017413414
5101110,장흥댐,기본변수,XGBoost,RandomForest,최근24시간누적강우,2673,최근3시간변화량반영,0.2686363636363637,0.3333459101169409,-24.08815605029948
5101110,장흥댐,기본변수,XGBoost,RandomForest,유입량급증,877,현재방류량유지,0.5613511972633979,0.9267537974441337,-65.09340355237207
5101110,장흥댐,기본변수,XGBoost,RandomForest,유입량급증,877,최근3시간평균,0.6457225389585699,0.9267537974441337,-43.521983751537434
5101110,장흥댐,기본변수,XGBoost,RandomForest,유입량급증,877,최근6시간평균,0.8819903078677308,0.9267537974441337,-5.075281346868938
5101110,장흥댐,기본변수,XGBoost,RandomForest,유입량급증,877,최근3시간변화량반영,0.9722109464082099,0.9267537974441337,4.6756466929338405
5101110,장흥댐,기본변수,XGBoost,RandomForest,방류량변화,64,현재방류량유지,23.737140625000002,20.927257198512557,11.837497493392574
5101110,장흥댐,기본변수,XGBoost,RandomForest,방류량변화,64,최근3시간평균,25.612848958333338,20.927257198512557,18.293910870451167
5101110,장흥댐,기본변수,XGBoost,RandomForest,방류량변화,64,최근6시간평균,26.948559895833334,20.927257198512557,22.34369005466509
5101110,장흥댐,기본변수,XGBoost,RandomForest,방류량변화,64,최근3시간변화량반영,21.773984375,20.927257198512557,3.888710315506712
5101110,장흥댐,예측유입량포함,GradientBoosting,RandomForest,전체,8760,현재방류량유지,0.3066683789954338,0.6731084335898817,-119.49065495269208
5101110,장흥댐,예측유입량포함,GradientBoosting,RandomForest,전체,8760,최근3시간평균,0.37574231354642307,0.6731084335898817,-79.14097223620756
5101110,장흥댐,예측유입량포함,GradientBoosting,RandomForest,전체,8760,최근6시간평균,0.4701614345509892,0.6731084335898817,-43.165386210953216
5101110,장흥댐,예측유입량포함,GradientBoosting,RandomForest,전체,8760,최근3시간변화량반영,0.43989212328767124,0.6731084335898817,-53.016705222906815
5101110,장흥댐,예측유입량포함,GradientBoosting,RandomForest,강우발생,715,현재방류량유지,0.46329790209790217,0.5903569333671324,-27.424909695011007
5101110,장흥댐,예측유입량포함,GradientBoosting,RandomForest,강우발생,715,최근3시간평균,0.5937160839160844,0.5903569333671324,0.5657839900168283
5101110,장흥댐,예측유입량포함,GradientBoosting,RandomForest,강우발생,715,최근6시간평균,0.8248678321678323,0.5903569333671324,28.430118093511137
5101110,장흥댐,예측유입량포함,GradientBoosting,RandomForest,강우발생,715,최근3시간변화량반영,0.5065622377622377,0.5903569333671324,-16.54183619668564
5101110,장흥댐,예측유입량포함,GradientBoosting,RandomForest,최근24시간누적강우,2673,현재방류량유지,0.21670744481855594,0.33388719505697134,-54.07278477974177
5101110,장흥댐,예측유입량포함,GradientBoosting,RandomForest,최근24시간누적강우,2673,최근3시간평균,0.26622783389450044,0.33388719505697134,-25.414082431847696
5101110,장흥댐,예측유입량포함,GradientBoosting,RandomForest,최근24시간누적강우,2673,최근6시간평균,0.3398663798478613,0.33388719505697134,1.7592751579507435
5101110,장흥댐,예측유입량포함,GradientBoosting,RandomForest,최근24시간누적강우,2673,최근3시간변화량반영,0.2686363636363637,0.33388719505697134,-24.289649598195744
5101110,장흥댐,예측유입량포함,GradientBoosting,RandomForest,유입량급증,877,현재방류량유지,0.5613511972633979,1.1568413255413386,-106.08156376631439
5101110,장흥댐,예측유입량포함,GradientBoosting,RandomForest,유입량급증,877,최근3시간평균,0.6457225389585699,1.1568413255413386,-79.15455257409909
5101110,장흥댐,예측유입량포함,GradientBoosting,RandomForest,유입량급증,877,최근6시간평균,0.8819903078677308,1.1568413255413386,-31.162589341608303
5101110,장흥댐,예측유입량포함,GradientBoosting,RandomForest,유입량급증,877,최근3시간변화량반영,0.9722109464082099,1.1568413255413386,-18.990773536878734
5101110,장흥댐,예측유입량포함,GradientBoosting,RandomForest,방류량변화,64,현재방류량유지,23.737140625000002,21.702376816000587,8.572067887807842
5101110,장흥댐,예측유입량포함,GradientBoosting,RandomForest,방류량변화,64,최근3시간평균,25.612848958333338,21.702376816000587,15.267618798261207
5101110,장흥댐,예측유입량포함,GradientBoosting,RandomForest,방류량변화,64,최근6시간평균,26.948559895833334,21.702376816000587,19.467396774118118
5101110,장흥댐,예측유입량포함,GradientBoosting,RandomForest,방류량변화,64,최근3시간변화량반영,21.773984375,21.702376816000587,0.3288675042939359
5101110,장흥댐,예측유입량포함,RandomForest,RandomForest,전체,8760,현재방류량유지,0.3066683789954338,0.6180356999725543,-101.5322551340569
5101110,장흥댐,예측유입량포함,RandomForest,RandomForest,전체,8760,최근3시간평균,0.37574231354642307,0.6180356999725543,-64.48392360691518
5101110,장흥댐,예측유입량포함,RandomForest,RandomForest,전체,8760,최근6시간평균,0.4701614345509892,0.6180356999725543,-31.451806667807002
5101110,장흥댐,예측유입량포함,RandomForest,RandomForest,전체,8760,최근3시간변화량반영,0.43989212328767124,0.6180356999725543,-40.4971053706239
5101110,장흥댐,예측유입량포함,RandomForest,RandomForest,강우발생,715,현재방류량유지,0.46329790209790217,0.5547654352233627,-19.74270393007997
5101110,장흥댐,예측유입량포함,RandomForest,RandomForest,강우발생,715,최근3시간평균,0.5937160839160844,0.5547654352233627,6.56048400033356
5101110,장흥댐,예측유입량포함,RandomForest,RandomForest,강우발생,715,최근6시간평균,0.8248678321678323,0.5547654352233627,32.7449303283672
5101110,장흥댐,예측유입량포함,RandomForest,RandomForest,강우발생,715,최근3시간변화량반영,0.5065622377622377,0.5547654352233627,-9.51575026082972
5101110,장흥댐,예측유입량포함,RandomForest,RandomForest,최근24시간누적강우,2673,현재방류량유지,0.21670744481855594,0.2936693334790912,-35.51418767591193
5101110,장흥댐,예측유입량포함,RandomForest,RandomForest,최근24시간누적강우,2673,최근3시간평균,0.26622783389450044,0.2936693334790912,-10.307524642770876
5101110,장흥댐,예측유입량포함,RandomForest,RandomForest,최근24시간누적강우,2673,최근6시간평균,0.3398663798478613,0.2936693334790912,13.592708519580507
5101110,장흥댐,예측유입량포함,RandomForest,RandomForest,최근24시간누적강우,2673,최근3시간변화량반영,0.2686363636363637,0.2936693334790912,-9.318533613198058
5101110,장흥댐,예측유입량포함,RandomForest,RandomForest,유입량급증,877,현재방류량유지,0.5613511972633979,1.107903126440328,-97.36363471591145
5101110,장흥댐,예측유입량포함,RandomForest,RandomForest,유입량급증,877,최근3시간평균,0.6457225389585699,1.107903126440328,-71.5757248039025
5101110,장흥댐,예측유입량포함,RandomForest,RandomForest,유입량급증,877,최근6시간평균,0.8819903078677308,1.107903126440328,-25.613979718071533
5101110,장흥댐,예측유입량포함,RandomForest,RandomForest,유입량급증,877,최근3시간변화량반영,0.9722109464082099,1.107903126440328,-13.95707182000232
5101110,장흥댐,예측유입량포함,RandomForest,RandomForest,방류량변화,64,현재방류량유지,23.737140625000002,20.73475100571564,12.648488993329885
5101110,장흥댐,예측유입량포함,RandomForest,RandomForest,방류량변화,64,최근3시간평균,25.612848958333338,20.73475100571564,19.04551094863881
5101110,장흥댐,예측유입량포함,RandomForest,RandomForest,방류량변화,64,최근6시간평균,26.948559895833334,20.73475100571564,23.058036919733308
5101110,장흥댐,예측유입량포함,RandomForest,RandomForest,방류량변화,64,최근3시간변화량반영,21.773984375,20.73475100571564,4.772821323770058
5101110,장흥댐,예측유입량포함,XGBoost,RandomForest,전체,8760,현재방류량유지,0.3066683789954338,0.5001565967720395,-63.0936317628909
5101110,장흥댐,예측유입량포함,XGBoost,RandomForest,전체,8760,최근3시간평균,0.37574231354642307,0.5001565967720395,-33.11159769346686
5101110,장흥댐,예측유입량포함,XGBoost,RandomForest,전체,8760,최근6시간평균,0.4701614345509892,0.5001565967720395,-6.379758103659887
5101110,장흥댐,예측유입량포함,XGBoost,RandomForest,전체,8760,최근3시간변화량반영,0.43989212328767124,0.5001565967720395,-13.699830093333537
5101110,장흥댐,예측유입량포함,XGBoost,RandomForest,강우발생,715,현재방류량유지,0.46329790209790217,0.7252902252183928,-56.54943006090443
5101110,장흥댐,예측유입량포함,XGBoost,RandomForest,강우발생,715,최근3시간평균,0.5937160839160844,0.7252902252183928,-22.161121260933367
5101110,장흥댐,예측유입량포함,XGBoost,RandomForest,강우발생,715,최근6시간평균,0.8248678321678323,0.7252902252183928,12.071946930908913
5101110,장흥댐,예측유입량포함,XGBoost,RandomForest,강우발생,715,최근3시간변화량반영,0.5065622377622377,0.7252902252183928,-43.17889711289893
5101110,장흥댐,예측유입량포함,XGBoost,RandomForest,최근24시간누적강우,2673,현재방류량유지,0.21670744481855594,0.354974199802921,-63.80341713692973
5101110,장흥댐,예측유입량포함,XGBoost,RandomForest,최근24시간누적강우,2673,최근3시간평균,0.26622783389450044,0.354974199802921,-33.33474363299991
5101110,장흥댐,예측유입량포함,XGBoost,RandomForest,최근24시간누적강우,2673,최근6시간평균,0.3398663798478613,0.354974199802921,-4.445223432168438
5101110,장흥댐,예측유입량포함,XGBoost,RandomForest,최근24시간누적강우,2673,최근3시간변화량반영,0.2686363636363637,0.354974199802921,-32.13929603492827
5101110,장흥댐,예측유입량포함,XGBoost,RandomForest,유입량급증,877,현재방류량유지,0.5613511972633979,0.917016335185061,-63.358756453275625
5101110,장흥댐,예측유입량포함,XGBoost,RandomForest,유입량급증,877,최근3시간평균,0.6457225389585699,0.917016335185061,-42.013988959412416
5101110,장흥댐,예측유입량포함,XGBoost,RandomForest,유입량급증,877,최근6시간평균,0.8819903078677308,0.917016335185061,-3.971248550566036
5101110,장흥댐,예측유입량포함,XGBoost,RandomForest,유입량급증,877,최근3시간변화량반영,0.9722109464082099,0.917016335185061,5.677225855876545
5101110,장흥댐,예측유입량포함,XGBoost,RandomForest,방류량변화,64,현재방류량유지,23.737140625000002,21.07673553824425,11.207774048209531
5101110,장흥댐,예측유입량포함,XGBoost,RandomForest,방류량변화,64,최근3시간평균,25.612848958333338,21.07673553824425,17.710304025406856
5101110,장흥댐,예측유입량포함,XGBoost,RandomForest,방류량변화,64,최근6시간평균,26.948559895833334,21.07673553824425,21.78900980344022
5101110,장흥댐,예측유입량포함,XGBoost,RandomForest,방류량변화,64,최근3시간변화량반영,21.773984375,21.07673553824425,3.202210604855139
